# Derived from MakeHuman base.obj, CC0. Head only; mirrored to Godot -Z forward.
o FieldHumanHead
s 1
v -0.036666 0.134390 -0.147798
v -0.032655 0.134558 -0.148123
v -0.036550 0.136132 -0.147651
v -0.032497 0.136038 -0.148228
v -0.036614 0.137277 -0.147409
v -0.032340 0.137193 -0.148082
v -0.040267 0.133791 -0.147094
v -0.040414 0.135587 -0.146706
v -0.040803 0.136584 -0.146265
v -0.043039 0.133025 -0.145897
v -0.043617 0.134505 -0.145425
v -0.044415 0.135345 -0.144658
v -0.044929 0.131943 -0.144774
v -0.045811 0.133224 -0.144133
v -0.046851 0.133833 -0.143325
v -0.045538 0.131334 -0.144207
v -0.046966 0.132143 -0.143052
v -0.048111 0.132447 -0.141897
v -0.046043 0.130589 -0.143356
v -0.047470 0.131156 -0.142254
v -0.048699 0.131260 -0.140910
v -0.046137 0.129927 -0.142590
v -0.047575 0.130168 -0.141351
v -0.048773 0.130190 -0.140259
v -0.045853 0.129392 -0.142275
v -0.047386 0.129255 -0.141351
v -0.048626 0.128982 -0.140227
v -0.045528 0.128678 -0.142401
v -0.046861 0.128247 -0.141382
v -0.048132 0.127732 -0.140060
v -0.044615 0.127858 -0.143388
v -0.045287 0.126462 -0.142506
v -0.046431 0.125318 -0.141424
v -0.042903 0.126735 -0.144564
v -0.043491 0.125234 -0.143818
v -0.044489 0.124057 -0.143115
v -0.040583 0.125801 -0.145667
v -0.041233 0.124236 -0.145131
v -0.041748 0.122861 -0.144627
v -0.037769 0.121936 -0.146108
v -0.037128 0.123302 -0.146674
v -0.036949 0.125013 -0.147168
v -0.033190 0.121758 -0.147094
v -0.032518 0.123007 -0.146800
v -0.032644 0.124897 -0.147483
v -0.028434 0.122147 -0.146947
v -0.028308 0.123270 -0.146769
v -0.028980 0.125307 -0.146853
v -0.024381 0.123018 -0.146307
v -0.024486 0.124184 -0.146286
v -0.025305 0.125769 -0.146108
v -0.019488 0.124855 -0.145415
v -0.020338 0.125349 -0.145288
v -0.022050 0.126515 -0.144847
v -0.028613 0.133634 -0.147578
v -0.028161 0.135156 -0.147861
v -0.027877 0.136258 -0.147840
v -0.024706 0.132269 -0.146464
v -0.024181 0.133686 -0.147126
v -0.023783 0.134600 -0.147462
v -0.021976 0.130673 -0.146139
v -0.021168 0.131890 -0.146916
v -0.020622 0.132668 -0.147210
v -0.019078 0.129139 -0.145267
v -0.018270 0.129570 -0.146885
v -0.017619 0.129769 -0.147063
v -0.018396 0.128478 -0.144974
v -0.017598 0.128740 -0.146391
v -0.016926 0.128751 -0.146979
v -0.018448 0.127796 -0.144701
v -0.017336 0.127816 -0.146139
v -0.016621 0.127638 -0.146811
v -0.019383 0.126924 -0.144490
v -0.017587 0.126798 -0.145814
v -0.016821 0.126473 -0.146328
v -0.046641 0.120666 -0.140122
v -0.043354 0.118955 -0.142159
v -0.038829 0.117831 -0.144679
v -0.033379 0.117568 -0.146086
v -0.027563 0.118230 -0.146821
v -0.022522 0.119711 -0.146307
v -0.017136 0.122997 -0.145855
v -0.048678 0.134484 -0.140721
v -0.050232 0.132814 -0.139366
v -0.050830 0.131397 -0.138547
v -0.051082 0.130043 -0.138117
v -0.051104 0.128541 -0.137875
v -0.050830 0.126662 -0.137540
v -0.049014 0.122871 -0.138411
v -0.036771 0.138999 -0.146989
v -0.032120 0.138957 -0.147766
v -0.041475 0.138149 -0.145162
v -0.045685 0.136521 -0.143283
v -0.027226 0.137949 -0.148113
v -0.022648 0.136258 -0.148260
v -0.019121 0.134285 -0.148334
v -0.015582 0.130589 -0.148228
v -0.014931 0.129013 -0.148197
v -0.014794 0.127375 -0.147955
v -0.015267 0.125444 -0.146958
v -0.019425 0.130631 -0.146832
v -0.018774 0.131114 -0.147063
v -0.020496 0.129654 -0.145719
v -0.016831 0.132331 -0.148134
v -0.013577 0.130904 -0.149593
v -0.012915 0.129024 -0.149404
v -0.012862 0.127061 -0.149121
v -0.013639 0.124719 -0.148680
v -0.014952 0.132982 -0.149688
v -0.011077 0.131260 -0.151715
v -0.010437 0.128982 -0.151494
v -0.010531 0.126704 -0.151326
v -0.011434 0.123900 -0.150833
v -0.012442 0.133686 -0.151861
v -0.008526 0.131974 -0.154350
v -0.007949 0.129161 -0.154203
v -0.008190 0.126389 -0.154108
v -0.009303 0.123029 -0.153363
v -0.009712 0.134673 -0.154360
v -0.006772 0.117652 -0.158308
v -0.005775 0.132510 -0.156555
v -0.005407 0.129538 -0.156502
v -0.005733 0.126273 -0.156534
v -0.006993 0.121926 -0.156271
v -0.006667 0.135418 -0.156639
v -0.003486 0.119448 -0.160419
v -0.002992 0.133119 -0.157836
v -0.002845 0.129948 -0.157962
v -0.003003 0.126777 -0.158487
v -0.003360 0.123585 -0.159022
v -0.003413 0.136122 -0.157983
v 0.000000 0.120362 -0.161322
v 0.000000 0.133676 -0.158099
v 0.000000 0.130368 -0.158287
v 0.000000 0.127145 -0.158960
v 0.000000 0.124215 -0.159841
v 0.000000 0.136626 -0.158277
v -0.048604 0.118272 -0.139062
v -0.045076 0.116193 -0.141876
v -0.039900 0.114860 -0.144795
v -0.033663 0.114755 -0.147105
v -0.027174 0.115647 -0.148145
v -0.021609 0.117474 -0.148008
v -0.015676 0.121821 -0.147640
v -0.049885 0.135188 -0.139639
v -0.051797 0.133235 -0.137833
v -0.052741 0.131555 -0.136972
v -0.053098 0.129917 -0.136447
v -0.053151 0.128069 -0.136017
v -0.053004 0.125906 -0.135964
v -0.051104 0.120970 -0.137120
v -0.036949 0.140238 -0.147231
v -0.031720 0.140343 -0.148365
v -0.042084 0.139115 -0.145110
v -0.046651 0.137225 -0.142317
v -0.026282 0.139356 -0.149131
v -0.021241 0.137445 -0.149604
v -0.017367 0.135240 -0.149751
v -0.055030 0.131712 -0.134967
v -0.053970 0.133760 -0.136091
v -0.051681 0.136101 -0.138254
v -0.017976 0.099477 -0.154550
v -0.006615 0.108875 -0.163380
v -0.003580 0.110019 -0.164976
v 0.000000 0.110733 -0.166215
v -0.014773 0.136385 -0.151830
v -0.011707 0.137581 -0.154350
v -0.008190 0.138632 -0.156786
v -0.004011 0.139303 -0.158014
v 0.000000 0.139860 -0.158466
v -0.036981 0.142411 -0.147578
v -0.030744 0.142695 -0.149499
v -0.042903 0.140941 -0.144910
v -0.048069 0.138526 -0.141362
v -0.024402 0.141561 -0.151221
v -0.018721 0.139251 -0.152061
v -0.036750 0.144911 -0.148166
v -0.029127 0.145247 -0.150979
v -0.043459 0.143441 -0.144679
v -0.049224 0.140868 -0.140689
v -0.021504 0.144081 -0.153426
v -0.015592 0.141068 -0.154277
v -0.013619 0.111384 -0.154140
v -0.047197 0.112980 -0.141403
v -0.021357 0.095582 -0.153594
v -0.055535 0.129717 -0.134369
v -0.055661 0.127439 -0.133864
v -0.055471 0.124813 -0.133633
v -0.057592 0.132216 -0.132489
v -0.056164 0.135051 -0.134180
v -0.053414 0.137960 -0.137067
v -0.041391 0.111384 -0.145068
v -0.045181 0.104013 -0.144606
v -0.058201 0.129591 -0.131659
v -0.058579 0.126599 -0.131103
v -0.058149 0.123407 -0.130851
v -0.055996 0.116529 -0.133487
v -0.016559 0.097377 -0.155967
v -0.009418 0.104055 -0.163769
v -0.006689 0.105263 -0.166079
v -0.003854 0.106134 -0.167905
v 0.000000 0.106732 -0.168840
v -0.012033 0.102386 -0.161270
v -0.019016 0.093776 -0.154728
v -0.035700 0.148428 -0.149068
v -0.026859 0.148942 -0.152807
v -0.043564 0.146664 -0.144774
v -0.050096 0.143787 -0.140039
v -0.016958 0.147756 -0.156356
v -0.011161 0.142800 -0.156807
v -0.059619 0.133130 -0.129811
v -0.057760 0.136721 -0.132100
v -0.055062 0.140270 -0.135691
v -0.052017 0.106239 -0.139251
v -0.010227 0.114513 -0.156051
v -0.060459 0.129549 -0.128405
v -0.061142 0.125727 -0.127785
v -0.061047 0.121884 -0.127858
v -0.058789 0.113936 -0.130756
v -0.055419 0.102155 -0.136437
v 0.000000 0.144543 -0.159306
v -0.005176 0.143787 -0.158644
v -0.035416 0.152418 -0.149436
v -0.026187 0.153552 -0.153867
v -0.043974 0.150350 -0.144543
v -0.050746 0.147158 -0.139188
v -0.017882 0.216185 -0.136983
v 0.000000 0.148722 -0.160030
v -0.007161 0.148543 -0.159107
v -0.035511 0.156566 -0.149530
v -0.025935 0.157847 -0.154266
v -0.044415 0.154182 -0.144123
v -0.051639 0.150528 -0.138106
v -0.016139 0.153773 -0.157783
v 0.000000 0.153909 -0.160587
v -0.007024 0.153857 -0.159757
v -0.015487 0.158340 -0.158256
v 0.000000 0.158571 -0.161018
v -0.006678 0.158319 -0.160209
v -0.039763 0.181996 -0.142096
v -0.028276 0.185609 -0.148523
v -0.051355 0.176978 -0.134652
v -0.060648 0.170006 -0.124604
v -0.016600 0.174332 -0.156996
v 0.000000 0.175256 -0.158960
v -0.006311 0.175098 -0.158581
v -0.044446 0.198397 -0.132657
v -0.031185 0.202944 -0.139828
v -0.056763 0.191300 -0.123658
v -0.065299 0.180957 -0.112927
v -0.017041 0.187667 -0.152544
v 0.000000 0.188947 -0.154633
v -0.006447 0.188769 -0.154171
v -0.061519 0.134033 -0.126651
v -0.059272 0.138705 -0.129707
v -0.056070 0.143020 -0.134095
v -0.062989 0.129686 -0.124708
v -0.063378 0.125066 -0.123753
v -0.063431 0.120341 -0.123921
v -0.061572 0.111017 -0.127438
v -0.063000 0.135125 -0.122756
v -0.060543 0.140511 -0.126861
v -0.056815 0.145751 -0.132017
v -0.064711 0.129749 -0.120057
v -0.070087 0.140983 -0.099382
v -0.068166 0.151599 -0.105777
v -0.065583 0.161028 -0.114681
v -0.071704 0.129906 -0.094815
v -0.072502 0.119385 -0.092746
v -0.072229 0.109095 -0.091823
v -0.069436 0.089712 -0.094731
v -0.071421 0.157143 -0.095602
v -0.070045 0.169575 -0.102889
v -0.072156 0.173796 -0.096715
v -0.009156 0.086919 -0.170068
v -0.008274 0.087801 -0.171832
v -0.009282 0.091119 -0.171864
v -0.010070 0.096296 -0.170016
v -0.009922 0.098836 -0.168388
v -0.009849 0.101430 -0.166551
v -0.012852 0.097934 -0.166131
v -0.012075 0.100097 -0.163474
v -0.016695 0.094521 -0.160241
v -0.016716 0.095928 -0.158728
v -0.017903 0.092033 -0.157689
v -0.008463 0.080115 -0.160829
v -0.014637 0.082814 -0.157542
v -0.014280 0.088988 -0.165984
v -0.017272 0.085197 -0.155883
v -0.006972 0.102312 -0.168819
v -0.003874 0.102900 -0.170321
v 0.000000 0.103320 -0.171255
v -0.007077 0.096674 -0.172599
v -0.003654 0.096674 -0.174247
v 0.000000 0.096474 -0.175234
v -0.006184 0.091003 -0.174447
v -0.003097 0.090699 -0.175770
v 0.000000 0.090195 -0.176474
v -0.006772 0.085155 -0.169680
v -0.005701 0.085123 -0.170646
v -0.005460 0.087686 -0.173807
v -0.002804 0.087444 -0.174646
v 0.000000 0.087244 -0.175119
v -0.005502 0.083601 -0.167527
v -0.004504 0.082908 -0.168263
v -0.003990 0.085050 -0.171087
v -0.002079 0.084682 -0.171612
v 0.000000 0.084420 -0.172253
v -0.005460 0.082005 -0.165406
v -0.004504 0.081207 -0.165585
v -0.003034 0.082435 -0.168147
v -0.001586 0.081942 -0.168399
v 0.000000 0.081564 -0.168346
v -0.006058 0.080913 -0.162981
v -0.005607 0.079422 -0.163054
v -0.002793 0.080420 -0.165501
v -0.001313 0.079905 -0.165270
v 0.000000 0.079307 -0.165186
v -0.016611 0.085596 -0.158351
v -0.016223 0.087854 -0.162456
v -0.013650 0.083664 -0.158592
v -0.012778 0.086226 -0.165942
v -0.013566 0.087623 -0.165994
v -0.015309 0.086362 -0.163138
v -0.014521 0.085502 -0.163579
v -0.014648 0.084924 -0.159957
v -0.015876 0.084609 -0.159873
v -0.009219 0.086152 -0.168829
v -0.007360 0.085134 -0.168861
v -0.005848 0.084294 -0.166834
v -0.006038 0.082887 -0.165018
v -0.006604 0.082194 -0.162855
v -0.008568 0.081701 -0.160997
v -0.012043 0.081344 -0.158739
v -0.011938 0.082530 -0.159022
v -0.012023 0.091214 -0.169092
v -0.016632 0.089239 -0.161952
v -0.017713 0.087255 -0.158256
v -0.012873 0.095686 -0.167349
v -0.016863 0.093188 -0.161143
v -0.017787 0.091686 -0.158960
v -0.003213 0.078614 -0.164083
v -0.001459 0.077942 -0.164608
v 0.000000 0.077637 -0.164083
v -0.012883 0.084283 -0.159484
v -0.011602 0.086667 -0.164325
v -0.013282 0.085795 -0.162939
v -0.013261 0.085396 -0.160566
v -0.008757 0.086289 -0.166866
v -0.007550 0.085869 -0.166792
v -0.006311 0.085428 -0.165826
v -0.006038 0.084221 -0.164157
v -0.006982 0.083129 -0.162572
v -0.008589 0.082772 -0.161175
v -0.011497 0.083381 -0.159631
v -0.007550 0.072461 -0.163863
v -0.004819 0.071694 -0.165553
v -0.001858 0.070802 -0.165291
v -0.015845 0.082593 -0.156250
v -0.008652 0.078750 -0.161007
v -0.012505 0.079590 -0.158875
v -0.028497 0.057057 -0.148102
v 0.000000 0.070518 -0.164913
v -0.025483 0.064019 -0.153447
v -0.010626 0.087465 -0.169165
v -0.010321 0.086331 -0.168116
v -0.010206 0.086100 -0.166614
v -0.011319 0.089093 -0.169270
v -0.027951 0.061457 -0.150391
v -0.028823 0.058685 -0.148396
v -0.019835 0.049791 -0.153825
v -0.024077 0.053078 -0.150591
v -0.022270 0.073710 -0.155095
v -0.026408 0.054915 -0.148984
v -0.021872 0.070508 -0.155715
v -0.021913 0.067169 -0.156188
v -0.026239 0.068754 -0.152932
v -0.025767 0.066391 -0.153416
v -0.028675 0.062843 -0.150087
v -0.030240 0.058663 -0.147903
v -0.030303 0.056028 -0.147241
v -0.011791 0.085281 -0.160839
v -0.010930 0.086352 -0.164231
v -0.011959 0.086090 -0.162603
v -0.012390 0.085711 -0.161280
v -0.009062 0.086468 -0.165805
v -0.008452 0.086289 -0.165396
v -0.007655 0.085943 -0.164787
v -0.007539 0.085270 -0.163495
v -0.008337 0.084567 -0.162225
v -0.009251 0.084105 -0.161353
v -0.010647 0.084662 -0.160839
v -0.009922 0.086478 -0.165260
v -0.010185 0.086331 -0.163454
v -0.011025 0.085953 -0.162131
v -0.009366 0.086478 -0.164493
v -0.008988 0.085943 -0.163138
v -0.009765 0.085428 -0.161920
v -0.008610 0.086236 -0.164062
v -0.027352 0.052227 -0.148270
v -0.024654 0.050075 -0.149929
v -0.020129 0.047670 -0.152712
v -0.028014 0.058685 -0.148607
v -0.027720 0.057466 -0.148344
v -0.026082 0.055744 -0.149121
v -0.023940 0.054212 -0.150811
v -0.019582 0.051755 -0.154644
v -0.027290 0.060701 -0.150717
v -0.025105 0.062559 -0.153499
v -0.011456 0.069951 -0.164367
v -0.018763 0.066885 -0.159968
v -0.022134 0.064785 -0.157059
v -0.024601 0.061478 -0.153478
v -0.021725 0.063514 -0.157101
v -0.024108 0.060784 -0.153636
v -0.021263 0.062444 -0.157122
v -0.023194 0.059378 -0.153142
v -0.020013 0.060323 -0.156229
v -0.022228 0.059314 -0.152124
v -0.019383 0.059294 -0.155967
v -0.021767 0.059545 -0.151221
v -0.018144 0.059483 -0.154192
v -0.027185 0.058758 -0.148806
v -0.026932 0.057981 -0.148239
v -0.026649 0.059934 -0.150927
v -0.026544 0.058663 -0.149058
v -0.026544 0.058254 -0.148459
v -0.025893 0.059503 -0.150917
v -0.025861 0.058737 -0.148827
v -0.025872 0.058569 -0.148491
v -0.024518 0.059126 -0.150696
v -0.025494 0.058884 -0.148207
v -0.025610 0.058747 -0.147756
v -0.023866 0.059136 -0.150297
v -0.025295 0.059252 -0.146895
v -0.025631 0.059010 -0.146317
v -0.023320 0.059503 -0.149384
v -0.022123 0.058401 -0.149740
v -0.022228 0.057929 -0.150885
v -0.023068 0.056480 -0.151620
v -0.023520 0.055514 -0.151420
v -0.025473 0.056606 -0.149415
v -0.024979 0.057236 -0.149615
v -0.024276 0.058181 -0.149216
v -0.024087 0.058464 -0.148228
v -0.024286 0.058559 -0.146454
v -0.022827 0.058611 -0.147430
v -0.018711 0.065615 -0.160534
v -0.018427 0.064523 -0.160303
v -0.017073 0.060974 -0.159432
v -0.005407 0.069226 -0.167527
v -0.011602 0.068355 -0.164881
v -0.011424 0.067043 -0.165154
v -0.010972 0.062139 -0.163443
v -0.002352 0.068071 -0.167737
v 0.000000 0.067830 -0.167716
v -0.008389 0.070203 -0.166456
v -0.008463 0.068743 -0.166740
v -0.008431 0.067683 -0.167002
v -0.008085 0.062087 -0.164399
v -0.005586 0.067799 -0.167548
v -0.005596 0.066570 -0.167527
v -0.005250 0.061446 -0.165081
v -0.002415 0.066560 -0.167916
v -0.002446 0.065541 -0.167800
v -0.002079 0.060848 -0.165637
v 0.000000 0.066423 -0.168200
v 0.000000 0.065226 -0.168126
v 0.000000 0.060868 -0.165669
v -0.016380 0.059283 -0.159212
v -0.010647 0.059146 -0.162246
v -0.007990 0.059084 -0.162246
v -0.004893 0.058947 -0.162624
v -0.002257 0.058747 -0.162719
v 0.000000 0.058601 -0.163065
v -0.017199 0.058412 -0.153153
v -0.018102 0.057740 -0.155284
v -0.019152 0.055367 -0.155242
v -0.019289 0.053729 -0.155032
v -0.013619 0.044625 -0.155726
v -0.013608 0.048667 -0.158718
v -0.011624 0.058202 -0.159285
v -0.012085 0.056994 -0.159316
v -0.012957 0.054054 -0.160157
v -0.013409 0.051513 -0.159264
v -0.005607 0.043208 -0.157510
v -0.005995 0.046757 -0.161879
v -0.005334 0.057865 -0.161123
v -0.005365 0.056690 -0.161900
v -0.005544 0.052962 -0.163117
v -0.005712 0.050358 -0.162634
v 0.000000 0.042872 -0.157836
v 0.000000 0.046043 -0.163432
v 0.000000 0.057897 -0.161658
v 0.000000 0.056542 -0.162876
v 0.000000 0.053162 -0.164399
v 0.000000 0.050096 -0.163968
v -0.020580 0.061152 -0.156492
v -0.023551 0.059997 -0.153426
v -0.025105 0.059252 -0.150717
v -0.026187 0.058685 -0.149016
v -0.026145 0.058454 -0.148764
v -0.022554 0.057299 -0.151399
v -0.024559 0.057771 -0.149636
v -0.017640 0.062685 -0.159789
v -0.011140 0.064523 -0.164231
v -0.008242 0.064680 -0.165648
v -0.005407 0.063851 -0.166194
v -0.002247 0.063095 -0.166530
v 0.000000 0.062905 -0.166814
v -0.018753 0.056732 -0.155600
v -0.012558 0.055619 -0.160104
v -0.005429 0.054705 -0.163054
v 0.000000 0.054978 -0.163726
v -0.007707 0.059829 -0.158728
v -0.009964 0.059829 -0.158267
v -0.015088 0.059671 -0.155757
v -0.005334 0.058390 -0.160776
v -0.010962 0.058485 -0.158308
v -0.016664 0.058769 -0.151515
v 0.000000 0.059314 -0.159012
v -0.001995 0.059661 -0.158298
v -0.004441 0.059671 -0.158340
v 0.000000 0.058348 -0.160345
v -0.021630 0.060291 -0.150108
v -0.017503 0.060564 -0.152712
v -0.025399 0.059861 -0.145026
v -0.026208 0.059325 -0.144259
v -0.022974 0.060197 -0.148082
v -0.025147 0.058380 -0.143997
v -0.022281 0.058222 -0.145740
v -0.007623 0.060858 -0.157951
v -0.009786 0.060848 -0.157374
v -0.014899 0.060795 -0.154739
v -0.005796 0.057981 -0.158602
v -0.010080 0.058475 -0.156660
v -0.018900 0.058191 -0.148228
v 0.000000 0.060575 -0.158644
v -0.001901 0.060826 -0.158214
v -0.004536 0.060795 -0.158182
v 0.000000 0.058013 -0.158403
v -0.020317 0.062717 -0.148491
v -0.016422 0.063315 -0.151147
v -0.025924 0.060669 -0.143157
v -0.026880 0.059525 -0.142548
v -0.021997 0.062297 -0.146496
v -0.024077 0.056700 -0.142747
v -0.021084 0.055870 -0.143976
v -0.006731 0.064533 -0.157122
v -0.009062 0.064386 -0.155893
v -0.013577 0.064134 -0.153321
v -0.006699 0.056480 -0.156250
v -0.011414 0.056847 -0.153962
v -0.017997 0.056185 -0.146024
v 0.000000 0.062969 -0.158235
v -0.001638 0.063578 -0.157941
v -0.004053 0.064155 -0.157637
v 0.000000 0.055325 -0.157122
v -0.019593 0.066938 -0.148344
v -0.016139 0.067956 -0.150811
v -0.026071 0.062674 -0.142411
v -0.027384 0.059913 -0.141298
v -0.021672 0.066119 -0.146338
v -0.024013 0.054012 -0.141939
v -0.020779 0.052637 -0.143577
v -0.006436 0.069080 -0.157164
v -0.008673 0.069174 -0.155841
v -0.013156 0.068743 -0.153216
v -0.006489 0.052017 -0.155936
v -0.012159 0.052805 -0.152680
v -0.017409 0.052584 -0.146118
v 0.000000 0.068208 -0.158319
v -0.001606 0.068576 -0.158046
v -0.003885 0.068785 -0.157826
v 0.000000 0.051093 -0.158130
v -0.019078 0.071138 -0.147966
v -0.015351 0.072030 -0.150549
v -0.026555 0.064869 -0.141403
v -0.027941 0.060459 -0.140070
v -0.021462 0.069993 -0.145897
v -0.023971 0.052101 -0.141088
v -0.020475 0.050106 -0.142978
v -0.006121 0.073826 -0.156608
v -0.008242 0.073742 -0.155421
v -0.012957 0.073353 -0.152607
v -0.006174 0.048048 -0.155221
v -0.012400 0.048699 -0.151389
v -0.016852 0.049455 -0.145698
v 0.000000 0.072849 -0.157490
v -0.001575 0.073185 -0.157469
v -0.003727 0.073616 -0.157206
v 0.000000 0.048069 -0.157153
v -0.019110 0.076136 -0.146128
v -0.015561 0.077700 -0.148344
v -0.027825 0.067620 -0.139366
v -0.029179 0.061058 -0.137833
v -0.021861 0.074592 -0.144165
v -0.024402 0.049339 -0.138600
v -0.020654 0.046253 -0.140427
v -0.006048 0.079664 -0.154046
v -0.008264 0.079674 -0.152943
v -0.012810 0.078792 -0.149719
v -0.004756 0.042147 -0.150265
v -0.013072 0.043229 -0.146118
v -0.016779 0.044688 -0.142622
v 0.000000 0.078005 -0.154161
v -0.001459 0.078614 -0.154665
v -0.003413 0.079265 -0.154581
v 0.000000 0.042284 -0.149488
v -0.020559 0.082782 -0.139681
v -0.016852 0.084903 -0.140753
v -0.030607 0.070864 -0.134369
v -0.031930 0.062381 -0.132983
v -0.023866 0.080556 -0.138337
v -0.026523 0.047145 -0.133067
v -0.022155 0.042777 -0.134348
v -0.006184 0.087832 -0.144889
v -0.009072 0.087707 -0.144092
v -0.013829 0.086278 -0.141813
v -0.006395 0.036813 -0.141446
v -0.013009 0.039259 -0.138852
v -0.017923 0.040278 -0.135964
v 0.000000 0.085512 -0.144847
v -0.001228 0.086394 -0.145415
v -0.003580 0.087308 -0.145309
v 0.000000 0.037233 -0.140480
v -0.022123 0.089135 -0.127607
v -0.019173 0.090983 -0.127796
v -0.033264 0.073899 -0.123417
v -0.034283 0.063945 -0.122356
v -0.025756 0.086510 -0.127187
v -0.028581 0.046105 -0.122042
v -0.024349 0.043585 -0.122031
v -0.007035 0.095571 -0.129612
v -0.010027 0.095361 -0.129266
v -0.015729 0.092799 -0.128299
v -0.006604 0.036225 -0.124394
v -0.014532 0.038231 -0.123732
v -0.020097 0.041023 -0.122829
v 0.000000 0.092337 -0.130042
v -0.001375 0.093692 -0.130200
v -0.004189 0.094920 -0.129916
v 0.000000 0.033485 -0.125885
v -0.026628 0.092757 -0.107761
v -0.023488 0.094762 -0.107814
v -0.037579 0.076902 -0.106176
v -0.038178 0.065583 -0.105241
v -0.030366 0.089922 -0.107489
v -0.031069 0.046095 -0.106659
v -0.026544 0.043659 -0.105651
v -0.009040 0.099088 -0.108234
v -0.012842 0.099099 -0.108160
v -0.019835 0.096274 -0.107635
v -0.007780 0.037632 -0.107205
v -0.015697 0.039113 -0.106670
v -0.022281 0.040540 -0.105945
v 0.000000 0.095256 -0.109977
v -0.001522 0.096737 -0.108990
v -0.005260 0.098206 -0.108507
v 0.000000 0.035826 -0.107950
v -0.026050 0.089135 -0.086751
v -0.022606 0.091287 -0.086898
v -0.037821 0.073763 -0.085018
v -0.036824 0.064523 -0.084703
v -0.030093 0.086006 -0.086415
v -0.031290 0.046232 -0.086384
v -0.029138 0.035857 -0.084483
v -0.008757 0.095119 -0.087213
v -0.012379 0.095077 -0.087087
v -0.019047 0.092484 -0.086572
v -0.008652 0.019740 -0.071778
v -0.017923 0.023656 -0.074697
v -0.025746 0.028602 -0.078424
v 0.000000 0.092033 -0.089512
v -0.001680 0.093461 -0.088715
v -0.005260 0.094500 -0.087580
v 0.000000 0.018365 -0.072628
v -0.022701 0.078887 -0.068880
v -0.019026 0.080409 -0.069405
v -0.033841 0.068250 -0.066465
v -0.032392 0.062370 -0.064186
v -0.026848 0.076671 -0.068135
v -0.022575 0.049634 -0.063231
v -0.021798 0.040593 -0.063315
v -0.007213 0.083045 -0.070192
v -0.009796 0.083013 -0.070098
v -0.015330 0.080966 -0.070623
v -0.006814 0.027993 -0.064554
v -0.011855 0.030314 -0.063861
v -0.017462 0.034388 -0.064050
v 0.000000 0.081302 -0.072334
v -0.001774 0.081858 -0.071158
v -0.003969 0.082561 -0.070508
v 0.000000 0.026723 -0.065089
v -0.015876 0.065709 -0.059976
v -0.014816 0.067904 -0.059703
v -0.023971 0.062864 -0.058821
v -0.022260 0.059178 -0.059209
v -0.017514 0.065016 -0.059766
v -0.017483 0.054306 -0.059797
v -0.015718 0.052406 -0.060207
v -0.005470 0.068639 -0.059766
v -0.007697 0.067001 -0.060081
v -0.011980 0.068628 -0.059577
v -0.004672 0.049161 -0.060312
v -0.008652 0.050379 -0.060774
v -0.012946 0.050673 -0.059808
v 0.000000 0.066192 -0.061845
v -0.001827 0.066570 -0.061687
v -0.003308 0.068355 -0.059966
v 0.000000 0.049938 -0.061666
v -0.029557 0.064512 -0.149761
v -0.032182 0.058212 -0.146685
v -0.027132 0.172725 -0.153079
v -0.037180 0.169890 -0.147294
v -0.047386 0.165974 -0.140585
v -0.055786 0.160766 -0.132510
v -0.067736 0.138128 -0.109399
v -0.069478 0.129381 -0.105368
v -0.065320 0.146559 -0.115437
v -0.061540 0.153962 -0.123743
v -0.020191 0.044352 -0.151210
v -0.013566 0.041706 -0.154087
v -0.005638 0.040015 -0.155757
v 0.000000 0.039932 -0.156534
v -0.031773 0.055241 -0.146244
v -0.006699 0.012390 -0.140805
v -0.015152 0.014374 -0.138401
v -0.013744 0.037958 -0.153709
v -0.028276 0.049970 -0.147409
v -0.024927 0.047386 -0.149300
v -0.006132 0.036173 -0.156093
v 0.000000 0.012422 -0.144669
v 0.000000 0.035458 -0.157322
v -0.020380 0.040456 -0.150087
v -0.058296 0.063105 -0.110176
v -0.063074 0.071001 -0.102858
v -0.053455 0.048374 -0.109452
v -0.060154 0.072313 -0.063714
v -0.058033 0.055556 -0.082036
v -0.053791 0.046378 -0.090961
v -0.049822 0.040121 -0.098532
v -0.046504 0.035490 -0.105126
v -0.037359 0.026229 -0.116634
v -0.006195 0.012338 -0.135103
v -0.051282 0.052836 -0.065646
v -0.014458 0.014248 -0.132069
v 0.000000 0.011697 -0.141277
v -0.053120 0.058286 -0.056322
v -0.047135 0.046504 -0.062087
v -0.049077 0.050201 -0.053182
v -0.042724 0.035049 -0.057025
v -0.046315 0.039596 -0.049129
v -0.042745 0.020790 -0.050830
v -0.045455 0.026092 -0.043796
v -0.044016 0.004841 -0.043260
v -0.045433 0.007581 -0.035553
v -0.045255 0.040215 -0.081501
v -0.048626 0.046232 -0.074162
v -0.040498 0.035721 -0.074844
v -0.044016 0.040320 -0.069142
v -0.035868 0.027689 -0.066916
v -0.039291 0.032309 -0.061530
v -0.035206 0.013955 -0.060238
v -0.039816 0.017136 -0.056836
v -0.041423 0.001764 -0.050201
v -0.042010 0.035763 -0.087801
v -0.030807 0.011130 -0.062884
v 0.000000 0.011424 -0.135964
v -0.005901 0.013062 -0.118902
v -0.012999 0.015425 -0.115258
v 0.000000 0.012023 -0.119752
v -0.032918 0.024853 -0.103267
v -0.005460 0.013556 -0.106155
v -0.011581 0.015088 -0.103383
v 0.000000 0.012464 -0.108171
v -0.028423 0.023793 -0.092557
v -0.003969 0.012023 -0.089124
v -0.008557 0.012873 -0.087517
v 0.000000 0.011708 -0.089428
v -0.022722 0.016233 -0.079632
v -0.003003 0.002404 -0.078193
v -0.016054 0.003843 -0.073878
v -0.006856 0.002772 -0.077018
v 0.000000 0.002300 -0.078288
v -0.020202 0.005449 -0.070990
v -0.011529 0.003014 -0.075957
v -0.051250 0.055010 -0.041013
v -0.049087 0.044940 -0.037873
v -0.047071 0.031689 -0.034104
v -0.047061 0.011854 -0.026533
v -0.051040 0.058222 -0.026911
v -0.049014 0.048153 -0.024570
v -0.046672 0.035427 -0.022354
v -0.048447 0.016905 -0.016223
v -0.048426 0.059840 -0.012327
v -0.047260 0.050295 -0.010783
v -0.047218 0.038115 -0.008820
v -0.048195 0.020864 -0.005166
v -0.051418 0.002562 0.000126
v -0.044782 0.060900 0.000746
v -0.044289 0.052164 0.001407
v -0.043837 0.040236 0.002646
v -0.044278 0.024350 0.004809
v -0.046830 0.005565 0.008893
v -0.037412 0.062202 0.008988
v -0.036487 0.053718 0.008925
v -0.036046 0.041790 0.009324
v -0.036099 0.025368 0.011046
v -0.036256 0.005880 0.015099
v -0.026187 0.063924 0.013199
v -0.025126 0.055419 0.011980
v -0.024559 0.044006 0.011539
v -0.024801 0.027080 0.012957
v -0.026187 0.006006 0.017640
v 0.000000 0.067169 0.014018
v 0.000000 0.058044 0.011519
v 0.000000 0.045801 0.009187
v 0.000000 0.028339 0.010384
v 0.000000 0.005912 0.014648
v -0.073710 0.105872 -0.076513
v -0.077721 0.152439 -0.043732
v -0.056784 0.217014 -0.006342
v -0.046651 0.227272 -0.000357
v -0.076786 0.176600 -0.030839
v -0.072324 0.189777 -0.023320
v -0.076954 0.142506 -0.047701
v -0.070402 0.082709 -0.071683
v -0.073615 0.118135 -0.083265
v -0.073311 0.106628 -0.081669
v -0.069961 0.083590 -0.080104
v -0.073122 0.130673 -0.085659
v -0.071904 0.143892 -0.090079
v -0.077091 0.146160 -0.055094
v -0.076419 0.139010 -0.041926
v -0.074214 0.131597 -0.036561
v -0.068124 0.109547 -0.035700
v -0.069930 0.115962 -0.034860
v -0.067042 0.215859 -0.039532
v -0.045801 0.242308 -0.032949
v 0.000000 0.254909 -0.033159
v -0.057162 0.230570 -0.036015
v 0.000000 0.256337 -0.073091
v 0.000000 0.247842 -0.102008
v -0.040488 0.239337 -0.097020
v -0.059178 0.075768 -0.054211
v -0.053581 0.063231 -0.044667
v -0.053592 0.068040 -0.029914
v -0.050054 0.067788 -0.012842
v -0.044971 0.068061 0.000252
v -0.036750 0.069279 0.009649
v -0.026649 0.070529 0.013965
v -0.037306 0.027940 -0.121380
v -0.048100 0.038273 -0.110240
v -0.052552 0.044037 -0.103855
v -0.056469 0.050001 -0.095435
v -0.060858 0.059084 -0.086740
v -0.035858 0.160702 -0.149226
v -0.030576 0.046494 -0.145204
v -0.026071 0.043365 -0.147357
v -0.003927 0.099866 -0.172557
v -0.030954 0.072639 -0.149961
v -0.056196 0.109924 -0.134484
v -0.059115 0.106428 -0.131302
v -0.051030 0.115563 -0.137938
v -0.053476 0.118923 -0.135482
v -0.049413 0.109693 -0.140532
v -0.053340 0.113011 -0.136563
v -0.017619 0.108465 -0.152785
v -0.043155 0.107909 -0.145635
v -0.012348 0.119175 -0.151358
v -0.066360 0.080283 -0.098007
v -0.063756 0.068303 -0.073153
v -0.066822 0.070549 -0.080577
v -0.022659 0.017346 -0.127785
v -0.023425 0.019026 -0.136825
v -0.047901 0.041821 -0.115511
v -0.030524 0.024454 -0.131113
v -0.036971 0.029841 -0.125454
v -0.015456 0.014973 -0.141256
v -0.006814 0.013093 -0.143356
v -0.030660 0.021808 -0.122125
v -0.023352 0.018102 -0.133308
v -0.030933 0.022974 -0.127239
v -0.027499 0.021819 -0.107509
v -0.023887 0.021252 -0.096264
v -0.018060 0.017966 -0.100044
v -0.020654 0.018490 -0.111636
v -0.039364 0.032140 -0.093481
v -0.027688 0.009419 -0.065111
v -0.068512 0.081176 -0.062496
v -0.059188 0.080272 -0.046672
v 0.000000 0.074529 0.015907
v -0.063431 0.101829 -0.031521
v -0.058054 0.100296 -0.014417
v -0.053644 0.099614 -0.003297
v -0.047649 0.100107 0.007665
v -0.039679 0.100349 0.016485
v -0.029936 0.099131 0.022460
v 0.000000 0.098595 0.026995
v -0.065656 0.109284 -0.029074
v -0.060102 0.110660 -0.011707
v -0.055713 0.111373 -0.000588
v -0.049371 0.112455 0.010605
v -0.041496 0.113274 0.020002
v -0.032329 0.112938 0.027226
v 0.000000 0.111972 0.034608
v -0.068281 0.117138 -0.027783
v -0.063336 0.122063 -0.007843
v -0.058233 0.124121 0.003097
v -0.051555 0.125979 0.014154
v -0.043554 0.127544 0.024213
v -0.034283 0.127932 0.031825
v 0.000000 0.127712 0.039806
v -0.073773 0.136699 -0.030051
v -0.068387 0.146276 -0.007655
v -0.062905 0.151242 0.004746
v -0.055471 0.155558 0.016075
v -0.046914 0.159044 0.027132
v -0.037212 0.161837 0.034598
v 0.000000 0.166498 0.041055
v -0.076545 0.147053 -0.035921
v -0.074413 0.167118 -0.019057
v -0.069457 0.177965 -0.008883
v -0.062864 0.188685 0.002068
v -0.053802 0.198933 0.014511
v -0.042504 0.205905 0.021126
v 0.000000 0.213161 0.027342
v -0.043344 0.245826 -0.069762
v -0.055996 0.234454 -0.067872
v -0.053854 0.230380 -0.092389
v -0.067904 0.186952 -0.106081
v -0.066423 0.219660 -0.065289
v -0.074266 0.202419 -0.062380
v -0.058894 0.198744 -0.116330
v -0.074203 0.199552 -0.042766
v -0.078151 0.183676 -0.046494
v -0.078005 0.156387 -0.053046
v -0.046462 0.207113 -0.125475
v -0.032833 0.212919 -0.132825
v -0.016747 0.204529 -0.145036
v 0.000000 0.206252 -0.146454
v -0.006468 0.205810 -0.146065
v -0.072660 0.200718 -0.078414
v -0.064911 0.217214 -0.085753
v -0.077773 0.185304 -0.060732
v -0.076713 0.184527 -0.072859
v -0.005775 0.012180 -0.127953
v -0.013755 0.014343 -0.124646
v 0.000000 0.011078 -0.129213
v -0.056301 0.069899 -0.049906
v -0.021567 0.017493 -0.120771
v -0.029484 0.021409 -0.115584
v -0.035595 0.025347 -0.110554
v -0.056763 0.064985 -0.059892
v -0.056637 0.059262 -0.069132
v -0.053539 0.050841 -0.077973
v -0.046179 0.038084 -0.093492
v -0.042914 0.033705 -0.099771
v -0.049749 0.043470 -0.086331
v -0.056721 0.074939 -0.040278
v -0.061457 0.100527 -0.024118
v -0.063966 0.109872 -0.020685
v -0.067295 0.119112 -0.018155
v -0.072660 0.141750 -0.019782
v -0.076797 0.156544 -0.028329
v -0.078970 0.168525 -0.050494
v -0.062738 0.211124 -0.100506
v -0.071074 0.196739 -0.090720
v -0.075831 0.182165 -0.082803
v -0.050935 0.222369 -0.109358
v 0.000000 0.235148 -0.122546
v -0.006836 0.217760 -0.138033
v 0.000000 0.217938 -0.138652
v -0.037117 0.229310 -0.115710
v -0.005670 0.066675 0.014217
v -0.005145 0.057803 0.012222
v -0.009881 0.233615 -0.122020
v -0.015718 0.211953 0.026617
v -0.013230 0.165711 0.040656
v -0.005869 0.073836 0.015487
v -0.015950 0.254846 -0.072723
v -0.018343 0.252787 -0.032267
v -0.012169 0.127145 0.038987
v -0.010710 0.111867 0.033653
v -0.008001 0.098805 0.026628
v -0.012558 0.246477 -0.101829
v -0.004987 0.028907 0.011140
v -0.004841 0.045833 0.009985
v -0.007171 0.006510 0.017315
v -0.037317 0.031763 -0.079874
v -0.034618 0.029211 -0.084273
v -0.032109 0.023205 -0.069594
v -0.028886 0.020622 -0.073206
v -0.018532 0.014784 -0.082225
v -0.013891 0.013640 -0.085439
v -0.015529 0.065741 0.013902
v -0.016664 0.006867 0.020234
v -0.025053 0.244514 -0.100884
v -0.015950 0.072461 0.015078
v -0.018837 0.099110 0.025788
v -0.014406 0.044835 0.011529
v -0.025504 0.164084 0.038902
v -0.023783 0.127333 0.037180
v -0.021945 0.112266 0.032025
v -0.029295 0.209989 0.025221
v -0.031699 0.249302 -0.032099
v -0.014563 0.027636 0.012673
v -0.028434 0.252441 -0.072229
v -0.014794 0.057047 0.012390
v -0.021598 0.232207 -0.120435
v -0.036614 0.134589 -0.145845
v -0.032697 0.134568 -0.146716
v -0.039963 0.133854 -0.144480
v -0.042703 0.132920 -0.142821
v -0.044499 0.132174 -0.141498
v -0.045118 0.131313 -0.141088
v -0.045570 0.130526 -0.140794
v -0.045675 0.129937 -0.140585
v -0.045591 0.129465 -0.140553
v -0.045318 0.128625 -0.140826
v -0.044121 0.127848 -0.141876
v -0.042094 0.126819 -0.143293
v -0.039973 0.125926 -0.144396
v -0.036719 0.125244 -0.145708
v -0.032644 0.125108 -0.146244
v -0.028980 0.125391 -0.145729
v -0.025599 0.125958 -0.144900
v -0.022869 0.126746 -0.143598
v -0.028560 0.133802 -0.146580
v -0.024706 0.132269 -0.145404
v -0.023037 0.130746 -0.144385
v -0.021913 0.129276 -0.143818
v -0.021315 0.128636 -0.143745
v -0.021315 0.127922 -0.143587
v -0.022134 0.127313 -0.143430
v -0.022460 0.130021 -0.144102
v -0.036834 0.133928 -0.142978
v -0.032980 0.133875 -0.143640
v -0.040383 0.133445 -0.141981
v -0.042693 0.133035 -0.140689
v -0.044278 0.132132 -0.139409
v -0.044940 0.131449 -0.138789
v -0.045381 0.130652 -0.138117
v -0.045517 0.129959 -0.137645
v -0.045549 0.129318 -0.137350
v -0.045643 0.128814 -0.137308
v -0.044667 0.127701 -0.138463
v -0.042179 0.126693 -0.140301
v -0.039973 0.126200 -0.141351
v -0.037044 0.125664 -0.142317
v -0.032581 0.125653 -0.142916
v -0.029127 0.125864 -0.142516
v -0.025242 0.126483 -0.141446
v -0.023331 0.126788 -0.140921
v -0.028413 0.133182 -0.143398
v -0.024717 0.132174 -0.142527
v -0.022869 0.131124 -0.141540
v -0.022008 0.129434 -0.141351
v -0.021504 0.128667 -0.141298
v -0.021378 0.128257 -0.141288
v -0.021850 0.127575 -0.141173
v -0.022533 0.130242 -0.141341
v -0.036876 0.139104 -0.143231
v -0.032413 0.139135 -0.143955
v -0.040583 0.138117 -0.142044
v -0.043271 0.136731 -0.140732
v -0.045129 0.135104 -0.139545
v -0.046273 0.133539 -0.138694
v -0.046998 0.131996 -0.138033
v -0.047386 0.130526 -0.137602
v -0.047502 0.129087 -0.137434
v -0.047355 0.127732 -0.137550
v -0.046021 0.125013 -0.138904
v -0.044100 0.123060 -0.140385
v -0.041359 0.121275 -0.141813
v -0.037327 0.119889 -0.143104
v -0.031689 0.119511 -0.143724
v -0.027268 0.120214 -0.143252
v -0.024087 0.121349 -0.142317
v -0.020821 0.123501 -0.140753
v -0.027636 0.137970 -0.143892
v -0.023657 0.135901 -0.143010
v -0.021053 0.133644 -0.141834
v -0.018837 0.129927 -0.139923
v -0.018532 0.128426 -0.139345
v -0.018648 0.127018 -0.139366
v -0.019299 0.125349 -0.139786
v -0.019603 0.131628 -0.140815
v -0.036876 0.142821 -0.139293
v -0.031962 0.143094 -0.139954
v -0.040898 0.141414 -0.138295
v -0.043890 0.139440 -0.137193
v -0.045958 0.137267 -0.136143
v -0.047292 0.135135 -0.135292
v -0.048111 0.133077 -0.134631
v -0.048541 0.131082 -0.134190
v -0.048657 0.129077 -0.134022
v -0.048479 0.127166 -0.134137
v -0.047197 0.123490 -0.135188
v -0.045412 0.120886 -0.136300
v -0.042441 0.118262 -0.137550
v -0.037831 0.116130 -0.138778
v -0.031574 0.115479 -0.139398
v -0.026502 0.116550 -0.139093
v -0.023194 0.118178 -0.138442
v -0.019572 0.121475 -0.137350
v -0.026722 0.141803 -0.140017
v -0.022302 0.139125 -0.139430
v -0.019415 0.135965 -0.138516
v -0.017220 0.130589 -0.137277
v -0.017063 0.128468 -0.137088
v -0.017272 0.126420 -0.136878
v -0.018028 0.124068 -0.136846
v -0.017882 0.133056 -0.137676
v -0.036582 0.144890 -0.135072
v -0.031542 0.145278 -0.135534
v -0.040730 0.143336 -0.134369
v -0.043859 0.141141 -0.133539
v -0.046074 0.138705 -0.132710
v -0.047533 0.136248 -0.131985
v -0.048447 0.133854 -0.131387
v -0.048930 0.131471 -0.130977
v -0.049056 0.129077 -0.130788
v -0.048846 0.126788 -0.130820
v -0.047544 0.122598 -0.131460
v -0.045780 0.119700 -0.132195
v -0.042724 0.116686 -0.133119
v -0.037915 0.114188 -0.134064
v -0.031405 0.113410 -0.134683
v -0.026197 0.114629 -0.134683
v -0.022848 0.116445 -0.134410
v -0.018995 0.120256 -0.133907
v -0.026208 0.144008 -0.135618
v -0.021630 0.141162 -0.135314
v -0.018564 0.137581 -0.134799
v -0.016244 0.131176 -0.133948
v -0.016128 0.128614 -0.133718
v -0.016422 0.126158 -0.133612
v -0.017293 0.123323 -0.133686
v -0.016926 0.134137 -0.134316
v -0.036162 0.145635 -0.131743
v -0.031237 0.145992 -0.132038
v -0.040288 0.144113 -0.131250
v -0.043459 0.141918 -0.130652
v -0.045748 0.139430 -0.130011
v -0.047302 0.136857 -0.129423
v -0.048279 0.134295 -0.128919
v -0.048804 0.131712 -0.128551
v -0.048930 0.129097 -0.128341
v -0.048688 0.126641 -0.128299
v -0.047334 0.122293 -0.128636
v -0.045570 0.119343 -0.129077
v -0.042525 0.116256 -0.129696
v -0.037716 0.113683 -0.130400
v -0.031248 0.112875 -0.131019
v -0.026135 0.114072 -0.131271
v -0.022848 0.115868 -0.131281
v -0.018911 0.119763 -0.131187
v -0.026061 0.144753 -0.132122
v -0.021577 0.142002 -0.131996
v -0.018459 0.138432 -0.131785
v -0.015939 0.131639 -0.131408
v -0.015803 0.128825 -0.131281
v -0.016128 0.126116 -0.131197
v -0.017084 0.123029 -0.131166
v -0.016705 0.134841 -0.131576
v -0.035731 0.145730 -0.129150
v -0.015803 0.129087 -0.129328
v -0.039774 0.144312 -0.128825
v -0.018679 0.138820 -0.129423
v -0.045276 0.139744 -0.127921
v -0.046883 0.137162 -0.127470
v -0.048468 0.131890 -0.126714
v -0.048594 0.129192 -0.126494
v -0.026082 0.114166 -0.128688
v -0.046956 0.122357 -0.126504
v -0.045202 0.119459 -0.126714
v -0.042179 0.116393 -0.127081
v -0.037412 0.113841 -0.127596
v -0.031069 0.113011 -0.128226
v -0.048331 0.126683 -0.126409
v -0.022890 0.115888 -0.128909
v -0.018974 0.119731 -0.129056
v -0.047911 0.134547 -0.127060
v -0.021767 0.142222 -0.129444
v -0.026050 0.144816 -0.129433
v -0.042945 0.142202 -0.128394
v -0.016002 0.132027 -0.129370
v -0.030985 0.146013 -0.129350
v -0.016128 0.126242 -0.129266
v -0.017104 0.123049 -0.129150
v -0.016852 0.135292 -0.129402
v -0.035301 0.145467 -0.126808
v -0.016033 0.129381 -0.127470
v -0.039197 0.144186 -0.126599
v -0.019099 0.138947 -0.127260
v -0.044667 0.139829 -0.125979
v -0.046315 0.137309 -0.125654
v -0.047943 0.132080 -0.125002
v -0.048079 0.129370 -0.124750
v -0.026040 0.114649 -0.126294
v -0.046431 0.122682 -0.124530
v -0.044688 0.119868 -0.124530
v -0.041695 0.116876 -0.124687
v -0.037023 0.114398 -0.125045
v -0.030870 0.113579 -0.125674
v -0.047817 0.126872 -0.124635
v -0.022953 0.116277 -0.126703
v -0.019141 0.119994 -0.127050
v -0.047365 0.134736 -0.125317
v -0.022071 0.142096 -0.127155
v -0.026124 0.144501 -0.127019
v -0.042315 0.142212 -0.126305
v -0.016296 0.132353 -0.127428
v -0.030776 0.145666 -0.126914
v -0.016306 0.126504 -0.127407
v -0.017272 0.123312 -0.127228
v -0.017241 0.135587 -0.127344
v -0.034860 0.144795 -0.124383
v -0.016569 0.129686 -0.125317
v -0.038493 0.143693 -0.124257
v -0.019771 0.138810 -0.124929
v -0.043817 0.139660 -0.123816
v -0.045465 0.137267 -0.123627
v -0.047071 0.132279 -0.123028
v -0.047197 0.129623 -0.122756
v -0.026124 0.115584 -0.123711
v -0.045602 0.123249 -0.122367
v -0.043869 0.120603 -0.122188
v -0.040940 0.117758 -0.122188
v -0.036508 0.115447 -0.122419
v -0.030734 0.114649 -0.122997
v -0.046956 0.127197 -0.122629
v -0.023173 0.117054 -0.124267
v -0.019519 0.120571 -0.124761
v -0.046515 0.134831 -0.123365
v -0.022554 0.141624 -0.124740
v -0.026313 0.143787 -0.124519
v -0.041475 0.141897 -0.124036
v -0.016915 0.132573 -0.125202
v -0.030649 0.144890 -0.124404
v -0.016789 0.126903 -0.125254
v -0.017724 0.123805 -0.125002
v -0.017934 0.135691 -0.125055
v -0.034419 0.143399 -0.121516
v -0.017839 0.129990 -0.122378
v -0.037590 0.142506 -0.121443
v -0.021042 0.138233 -0.121989
v -0.042441 0.138957 -0.121107
v -0.044016 0.136847 -0.121013
v -0.045455 0.132342 -0.120466
v -0.045559 0.129885 -0.120204
v -0.026638 0.117264 -0.120655
v -0.044089 0.124152 -0.119784
v -0.042431 0.121832 -0.119511
v -0.039732 0.119322 -0.119416
v -0.035826 0.117306 -0.119564
v -0.030776 0.116571 -0.119994
v -0.045360 0.127659 -0.120099
v -0.023908 0.118472 -0.121254
v -0.020559 0.121622 -0.121747
v -0.044982 0.134673 -0.120803
v -0.023530 0.140616 -0.121810
v -0.026859 0.142433 -0.121558
v -0.040257 0.140952 -0.121254
v -0.018270 0.132647 -0.122230
v -0.030712 0.143409 -0.121474
v -0.018007 0.127449 -0.122315
v -0.018890 0.124604 -0.122010
v -0.019320 0.135492 -0.122073
v -0.035469 0.125170 -0.114607
v -0.034713 0.124015 -0.114849
v -0.033988 0.122945 -0.115164
v -0.031889 0.122619 -0.115237
v -0.036246 0.128468 -0.114240
v -0.030124 0.124089 -0.114817
v -0.028959 0.125906 -0.114513
v -0.036026 0.132888 -0.114513
v -0.029767 0.136416 -0.115511
v -0.030807 0.137288 -0.115794
v -0.034535 0.136500 -0.115468
v -0.027867 0.132311 -0.114639
v -0.031762 0.138044 -0.116151
v -0.027699 0.129171 -0.114439
v -0.028182 0.127523 -0.114418
v -0.028339 0.133875 -0.114880
v -0.036277 0.127249 -0.114366
v -0.029568 0.124855 -0.114660
v -0.024612 0.121947 -0.117768
v -0.041821 0.126819 -0.116928
v -0.022439 0.134747 -0.118167
v -0.021955 0.125874 -0.117957
v -0.021168 0.128195 -0.118198
v -0.031132 0.140721 -0.118198
v -0.021493 0.132457 -0.118198
v -0.038157 0.138873 -0.117925
v -0.028287 0.139944 -0.118146
v -0.025767 0.138642 -0.118209
v -0.041884 0.133949 -0.117463
v -0.023320 0.123459 -0.117821
v -0.025988 0.120992 -0.117600
v -0.042147 0.128237 -0.116949
v -0.031195 0.119700 -0.116981
v -0.034954 0.120278 -0.116750
v -0.037747 0.121810 -0.116613
v -0.039795 0.123701 -0.116634
v -0.041139 0.125444 -0.116812
v -0.028130 0.120162 -0.117285
v -0.042273 0.130053 -0.117002
v -0.042210 0.132058 -0.117201
v -0.024034 0.007329 -0.067694
v -0.026229 0.018333 -0.075978
v -0.031878 0.026324 -0.088368
v -0.036624 0.028476 -0.098322
v -0.039585 0.029799 -0.105241
v -0.042263 0.030901 -0.110901
v -0.043144 0.032960 -0.115846
v -0.042514 0.035553 -0.120225
v -0.033537 0.049560 -0.143861
v -0.030387 0.052773 -0.146590
v -0.029348 0.054044 -0.147346
v -0.026901 0.056606 -0.148733
v -0.026208 0.057288 -0.148827
v -0.025767 0.057750 -0.149037
v -0.025357 0.058107 -0.149205
v -0.025074 0.058380 -0.148848
v -0.024853 0.058601 -0.147998
v -0.024958 0.058789 -0.146391
v -0.025672 0.058853 -0.144123
v -0.025483 0.058118 -0.142643
v -0.025704 0.056963 -0.141614
v -0.025956 0.056280 -0.140585
v -0.026796 0.055199 -0.138222
v -0.029232 0.054768 -0.133024
v -0.031437 0.055020 -0.122199
v -0.034618 0.055839 -0.105956
v -0.033159 0.056018 -0.085501
v -0.027478 0.056133 -0.062948
v -0.019866 0.056742 -0.059503
v -0.020737 0.063945 -0.059293
v -0.030345 0.072461 -0.067305
v -0.033957 0.079884 -0.085722
v -0.033967 0.083412 -0.106827
v -0.029505 0.080210 -0.125307
v -0.027237 0.075705 -0.136353
v -0.024843 0.071106 -0.141761
v -0.024003 0.067431 -0.143651
v -0.023877 0.064396 -0.144375
v -0.023961 0.061488 -0.144826
v -0.024192 0.060028 -0.146548
v -0.024307 0.059378 -0.148145
v -0.024685 0.059010 -0.149247
v -0.025190 0.058926 -0.149761
v -0.025651 0.058968 -0.149866
v -0.026145 0.059000 -0.149751
v -0.027037 0.059178 -0.149646
v -0.027846 0.059304 -0.149310
v -0.030061 0.060617 -0.148491
v -0.031469 0.061278 -0.147787
v -0.067956 0.129360 -0.111059
v -0.066171 0.136931 -0.114471
v -0.063567 0.144270 -0.120141
v -0.059997 0.150938 -0.127396
v -0.054054 0.157101 -0.134893
v -0.046032 0.161690 -0.142264
v -0.036351 0.164997 -0.148627
v -0.026302 0.167349 -0.153762
v -0.016233 0.168557 -0.157804
v -0.006405 0.168819 -0.159747
v 0.000000 0.169166 -0.160262
v -0.032508 0.135177 -0.148334
v -0.036466 0.135272 -0.147808
v -0.040152 0.134736 -0.147053
v -0.043081 0.133791 -0.145835
v -0.045097 0.132752 -0.144701
v -0.046116 0.131775 -0.143745
v -0.046599 0.131019 -0.142926
v -0.046704 0.130190 -0.142275
v -0.046494 0.129423 -0.142159
v -0.046074 0.128656 -0.142254
v -0.044625 0.127239 -0.143293
v -0.043113 0.126126 -0.144281
v -0.041002 0.125170 -0.145509
v -0.036981 0.124425 -0.147010
v -0.032644 0.124299 -0.147294
v -0.028749 0.124604 -0.146821
v -0.025011 0.125192 -0.146160
v -0.021126 0.126074 -0.145121
v -0.028361 0.134348 -0.147798
v -0.024497 0.132972 -0.146758
v -0.021703 0.131292 -0.146653
v -0.018784 0.129423 -0.146737
v -0.018028 0.128720 -0.145792
v -0.017892 0.127848 -0.145131
v -0.018438 0.127029 -0.145068
v -0.019940 0.130200 -0.146632
v -0.016306 0.126052 -0.146464
v -0.023279 0.135376 -0.147756
v -0.019971 0.133245 -0.147473
v -0.041118 0.137340 -0.145519
v -0.047712 0.134179 -0.142202
v -0.049119 0.132710 -0.140847
v -0.049696 0.131387 -0.139818
v -0.049843 0.130116 -0.139272
v -0.049780 0.128772 -0.139135
v -0.047554 0.124173 -0.140112
v -0.049361 0.127271 -0.138842
v -0.038241 0.120088 -0.145341
v -0.042388 0.121086 -0.143398
v -0.033369 0.119910 -0.146653
v -0.028056 0.120393 -0.146790
v -0.018522 0.123984 -0.145456
v -0.023572 0.121537 -0.146307
v -0.045465 0.122535 -0.141970
v -0.018039 0.131628 -0.147346
v -0.015960 0.127533 -0.147231
v -0.016863 0.130158 -0.147420
v -0.016191 0.128867 -0.147473
v -0.027583 0.137078 -0.147808
v -0.036739 0.138096 -0.147210
v -0.032267 0.138002 -0.147882
v -0.044982 0.135912 -0.143976
v -0.036635 0.094700 -0.149667
v -0.009964 0.093818 -0.171371
v -0.018155 0.088662 -0.156345
v -0.003507 0.093702 -0.175518
v -0.006804 0.093870 -0.174153
v 0.000000 0.093293 -0.176379
v -0.016999 0.091245 -0.161154
v -0.017986 0.089596 -0.158445
v -0.012768 0.093481 -0.168546
v -0.022428 0.105494 -0.152019
v -0.029715 0.101157 -0.152155
v -0.035070 0.103898 -0.150286
v -0.025462 0.108087 -0.151378
v -0.003644 0.114555 -0.162613
v 0.000000 0.115343 -0.163978
v -0.006751 0.113064 -0.160870
v -0.052216 0.093964 -0.138285
v -0.057718 0.097871 -0.132688
v -0.024927 0.090604 -0.152785
v -0.028812 0.084840 -0.151526
v -0.017955 0.092599 -0.156250
v -0.007077 0.099487 -0.170940
v -0.001942 0.076114 -0.164325
v 0.000000 0.075768 -0.163642
v -0.009335 0.077311 -0.161185
v -0.003927 0.076587 -0.163726
v -0.023961 0.083423 -0.153164
v -0.047439 0.126535 -0.140448
v -0.046263 0.127355 -0.141697
v -0.045097 0.128226 -0.142936
v -0.022260 0.124793 -0.145687
v -0.023289 0.126210 -0.145341
v -0.021703 0.123858 -0.145729
v -0.019435 0.121191 -0.145835
v -0.050232 0.124887 -0.137813
v -0.018302 0.119469 -0.147735
v -0.052448 0.123596 -0.136343
v -0.019099 0.111079 -0.151021
v -0.057403 0.120057 -0.131460
v -0.014301 0.100170 -0.158392
v -0.060512 0.118031 -0.128625
v -0.011025 0.117506 -0.153531
v -0.063074 0.115752 -0.125076
v -0.071358 0.099341 -0.092474
v -0.014668 0.098343 -0.161207
v -0.014899 0.096484 -0.162981
v -0.014889 0.090867 -0.165217
v -0.015183 0.094636 -0.164136
v -0.072702 0.094784 -0.074634
v -0.072146 0.095435 -0.080619
v -0.054841 0.121979 -0.133959
v -0.014731 0.114072 -0.151903
v -0.044804 0.128226 -0.141341
v -0.023835 0.126389 -0.144133
v -0.045150 0.128257 -0.137886
v -0.024077 0.126630 -0.141067
v -0.046893 0.126462 -0.138064
v -0.022291 0.122315 -0.141519
v -0.048048 0.125454 -0.134505
v -0.021220 0.119669 -0.137875
v -0.048384 0.124803 -0.131040
v -0.020790 0.118146 -0.134137
v -0.048195 0.124551 -0.128405
v -0.020790 0.117579 -0.131240
v -0.047828 0.124583 -0.126420
v -0.020863 0.117558 -0.129003
v -0.047302 0.124824 -0.124572
v -0.020989 0.117873 -0.126914
v -0.046462 0.125265 -0.122524
v -0.021294 0.118524 -0.124572
v -0.044919 0.125926 -0.120005
v -0.022176 0.119742 -0.121590
v -0.041128 0.135681 -0.117653
v -0.039858 0.137340 -0.117768
v -0.023824 0.136878 -0.118219
v -0.036193 0.140070 -0.118135
v -0.021053 0.130284 -0.118272
v -0.033936 0.140763 -0.118272
v -0.045475 0.127943 -0.142622
v -0.022880 0.125653 -0.145562
v -0.048709 0.125737 -0.139072
v -0.020695 0.122640 -0.145645
v -0.015393 0.092705 -0.164514
v -0.016989 0.117652 -0.149216
v -0.049234 0.099068 -0.141456
v 0.000000 0.100055 -0.173481
v -0.012831 0.077784 -0.159295
v -0.019498 0.082404 -0.154434
v -0.017220 0.078760 -0.156691
v -0.006342 0.077028 -0.162477
v -0.018448 0.088190 -0.154287
v -0.038241 0.068460 -0.144595
v -0.035616 0.073951 -0.147294
v -0.034660 0.053529 -0.144018
v -0.034944 0.057645 -0.144711
v -0.033820 0.061887 -0.146276
v -0.031552 0.065992 -0.148722
v -0.021126 0.089061 -0.153541
v -0.030250 0.092683 -0.152029
v -0.034177 0.086719 -0.149289
v -0.034156 0.067295 -0.146716
v -0.040435 0.088820 -0.146779
v -0.056658 0.083674 -0.129938
v -0.061099 0.088441 -0.123910
v -0.057781 0.077732 -0.124288
v -0.062003 0.083213 -0.117957
v -0.036750 0.062402 -0.144281
v -0.037873 0.057078 -0.142212
v -0.007098 0.029726 -0.156387
v -0.014301 0.031521 -0.153499
v -0.020895 0.034629 -0.149131
v -0.027090 0.038451 -0.145162
v -0.032277 0.042577 -0.142023
v 0.000000 0.029064 -0.157395
v -0.035395 0.046935 -0.140868
v -0.037180 0.051859 -0.141025
v -0.029463 0.030314 -0.139933
v -0.023079 0.024959 -0.144679
v -0.015876 0.021032 -0.149216
v -0.007969 0.019184 -0.151452
v -0.042126 0.048583 -0.132835
v -0.039028 0.041885 -0.133245
v 0.000000 0.018554 -0.152754
v -0.034797 0.035889 -0.135859
v -0.044131 0.063189 -0.137907
v -0.043922 0.055976 -0.134694
v -0.061457 0.102438 -0.127669
v -0.064648 0.094427 -0.118524
v -0.065499 0.089870 -0.112549
v -0.063987 0.107678 -0.123533
v -0.066875 0.100863 -0.114156
v -0.068019 0.097136 -0.108234
v -0.065320 0.113159 -0.120750
v -0.068103 0.107604 -0.111163
v -0.069363 0.104790 -0.105294
v -0.065604 0.118640 -0.119406
v -0.068659 0.114629 -0.109693
v -0.069972 0.112707 -0.103866
v -0.065436 0.124131 -0.119301
v -0.068722 0.121936 -0.109725
v -0.070182 0.120918 -0.103992
v -0.038577 0.175560 -0.145635
v -0.057939 0.164976 -0.128930
v 0.000000 0.180653 -0.157248
v -0.006352 0.180338 -0.156881
v -0.016800 0.180306 -0.155011
v -0.070948 0.129528 -0.099939
v -0.027384 0.178574 -0.151085
v -0.049224 0.171076 -0.138233
v -0.069247 0.139576 -0.104465
v -0.066895 0.149068 -0.110628
v -0.063661 0.157384 -0.119416
v -0.071274 0.110775 -0.097723
v -0.071652 0.120036 -0.098269
v -0.070539 0.101945 -0.098920
v -0.069153 0.093397 -0.101829
v -0.066213 0.085176 -0.105714
v -0.062727 0.077395 -0.110785
v -0.040708 0.056532 -0.139051
v -0.058359 0.070781 -0.117768
v -0.026733 0.112885 -0.149499
v -0.028381 0.033579 -0.142622
v 0.000000 0.023215 -0.155694
v -0.039679 0.050148 -0.137161
v -0.022050 0.029179 -0.147336
v -0.007570 0.023867 -0.154203
v -0.015403 0.025547 -0.152114
v -0.037233 0.044299 -0.137266
v -0.033432 0.038934 -0.139251
v -0.040183 0.062885 -0.141865
v -0.033978 0.111520 -0.148218
v -0.007528 0.016611 -0.149404
v -0.015813 0.018764 -0.146905
v -0.023068 0.022575 -0.142464
v -0.029631 0.027930 -0.137424
v -0.035910 0.033411 -0.132363
v 0.000000 0.015813 -0.150612
v -0.040740 0.039753 -0.129098
v -0.044594 0.047072 -0.127743
v -0.047828 0.055325 -0.127963
v -0.053865 0.183708 -0.129528
v -0.062758 0.175150 -0.119049
v -0.041779 0.189368 -0.138001
v -0.029337 0.193494 -0.145603
v -0.069688 0.154245 -0.100768
v -0.067610 0.164944 -0.109421
v -0.072912 0.107594 -0.087255
v -0.073111 0.118576 -0.088504
v -0.072188 0.130106 -0.090909
v -0.069888 0.086489 -0.087255
v -0.070969 0.142621 -0.094059
v -0.058138 0.055566 -0.101724
v -0.062800 0.064354 -0.093985
v -0.066559 0.074592 -0.088757
v 0.000000 0.196256 -0.151767
v -0.006583 0.196056 -0.151368
v -0.016474 0.195394 -0.150045
v -0.071652 0.096915 -0.087066
v -0.014059 0.120551 -0.149740
v -0.020674 0.115132 -0.149352
v -0.034335 0.108308 -0.149100
v -0.025032 0.098049 -0.152775
v -0.020034 0.102165 -0.153069
v -0.014868 0.102522 -0.156250
v -0.016075 0.105367 -0.154350
v -0.012295 0.105116 -0.158970
v -0.012883 0.108213 -0.156565
v -0.009649 0.107258 -0.161532
v -0.009891 0.110828 -0.158886
v -0.027898 0.070948 -0.151777
v -0.044982 0.157857 -0.143388
v -0.052668 0.153741 -0.136773
v -0.058401 0.148355 -0.130137
v -0.062013 0.142475 -0.123785
v -0.064501 0.136101 -0.118860
v -0.066286 0.129570 -0.115910
v -0.016054 0.163275 -0.158161
v 0.000000 0.083654 0.019351
v -0.006311 0.083727 0.019225
v -0.016758 0.083548 0.018763
v -0.027961 0.082467 0.017104
v -0.037642 0.082047 0.011613
v -0.045927 0.081470 0.003843
v -0.051555 0.081575 -0.008285
v -0.055786 0.082635 -0.021010
v -0.058432 0.085943 -0.030649
v -0.060238 0.089544 -0.037769
v -0.060007 0.084326 -0.041212
v -0.057393 0.079947 -0.034975
v -0.050946 0.074687 -0.010794
v -0.045811 0.074687 0.001417
v -0.037180 0.075390 0.010342
v -0.027216 0.076513 0.015403
v -0.016443 0.078299 0.016831
v -0.006079 0.079055 0.017440
v 0.000000 0.079233 0.017682
v -0.054495 0.075684 -0.025137
v -0.040992 0.075390 -0.144333
v -0.046158 0.077291 -0.140595
v -0.043102 0.069436 -0.141288
v -0.047890 0.070980 -0.136511
v -0.048584 0.063714 -0.132100
v -0.007046 0.014280 -0.146276
v -0.015529 0.016244 -0.143997
v -0.023341 0.020286 -0.139398
v -0.030261 0.025893 -0.133980
v -0.036635 0.031563 -0.128992
v 0.000000 0.013325 -0.147315
v -0.041916 0.037853 -0.124677
v -0.046735 0.045360 -0.121537
v -0.052332 0.055461 -0.118703
v -0.053256 0.065824 -0.124992
v -0.052899 0.073437 -0.130872
v -0.051755 0.079853 -0.135828
v -0.026302 0.110523 -0.150517
v -0.046357 0.091214 -0.143000
v -0.042010 0.097031 -0.146097
v -0.020181 0.113211 -0.150307
v -0.015803 0.115962 -0.150423
v -0.036057 0.126252 -0.114481
v -0.030944 0.123344 -0.114996
v -0.036183 0.129917 -0.114198
v -0.036131 0.131439 -0.114292
v -0.035731 0.134232 -0.114796
v -0.035196 0.135440 -0.115112
v -0.028948 0.135282 -0.115195
v -0.033894 0.137351 -0.115815
v -0.027615 0.130735 -0.114513
v -0.033327 0.138085 -0.116193
v -0.025977 0.162446 -0.154318
v -0.006562 0.163348 -0.160272
v 0.000000 0.163601 -0.160765
v -0.027352 0.077816 -0.151662
v -0.032445 0.079275 -0.149436
v -0.054327 0.088956 -0.133843
v -0.059567 0.093355 -0.128740
v -0.063493 0.098574 -0.123669
v -0.065677 0.104307 -0.119458
v -0.066685 0.110397 -0.116308
v -0.067063 0.116644 -0.115038
v -0.067021 0.123039 -0.114860
v -0.024118 0.076220 -0.153751
v -0.043659 0.083066 -0.143997
v -0.038104 0.081123 -0.147084
v -0.049256 0.085607 -0.139692
v -0.010689 0.072702 -0.162529
v -0.013765 0.046925 -0.156933
v -0.005628 0.045580 -0.158875
v 0.000000 0.045906 -0.159190
v -0.027447 0.055986 -0.148543
v -0.028508 0.059829 -0.149131
v -0.018176 0.069857 -0.158487
v -0.017619 0.073983 -0.157741
v 0.000000 0.073521 -0.164167
v -0.001942 0.073868 -0.164734
v -0.004294 0.074424 -0.164272
v -0.007003 0.074928 -0.163065
v -0.009975 0.075232 -0.161490
v -0.009744 0.079422 -0.152103
v -0.009681 0.073574 -0.154539
v -0.010111 0.069006 -0.154959
v -0.010542 0.064228 -0.155022
v -0.015257 0.067137 -0.162529
v -0.014952 0.066003 -0.162593
v -0.014070 0.061772 -0.161521
v -0.015099 0.068796 -0.162141
v -0.015540 0.093555 -0.087129
v -0.016338 0.097671 -0.107929
v -0.011634 0.094826 -0.128961
v -0.010584 0.087318 -0.143524
v -0.011392 0.060795 -0.156565
v -0.011487 0.059777 -0.157531
v -0.014500 0.063851 -0.161952
v -0.013524 0.059304 -0.161291
v -0.013555 0.074959 -0.159737
v -0.014259 0.071820 -0.160440
v -0.009492 0.066990 -0.060018
v -0.012589 0.081963 -0.070361
v -0.067063 0.204740 -0.015057
v 0.000000 0.238445 0.004536
v -0.078393 0.163244 -0.037548
v -0.017808 0.235987 0.004725
v -0.031952 0.232817 0.003139
v -0.075537 0.135555 -0.038860
v -0.039795 0.182406 0.031427
v -0.050358 0.177902 0.023740
v -0.071484 0.156859 -0.011267
v -0.075338 0.142590 -0.032350
v -0.058968 0.171455 0.011203
v -0.066160 0.164472 -0.000136
v 0.000000 0.188990 0.037852
v -0.074592 0.149310 -0.023352
v -0.014584 0.186417 0.037569
v -0.027520 0.185115 0.036078
v -0.072628 0.126273 -0.034839
v -0.066024 0.135209 -0.005890
v -0.071673 0.130326 -0.027310
v -0.044982 0.143104 0.027741
v -0.053361 0.140994 0.017451
v -0.060469 0.138254 0.005869
v 0.000000 0.146160 0.041118
v -0.035280 0.144417 0.034430
v -0.070402 0.133087 -0.017136
v -0.011991 0.145467 0.040761
v -0.023919 0.144879 0.039008
v -0.072986 0.160345 -0.089722
v -0.078645 0.170236 -0.060228
v -0.077689 0.169417 -0.069405
v -0.076377 0.167244 -0.077322
v -0.073332 0.146234 -0.084735
v -0.077700 0.157280 -0.060333
v -0.077101 0.156513 -0.067231
v -0.075736 0.153972 -0.074140
v -0.074004 0.131061 -0.079527
v -0.076881 0.146801 -0.060585
v -0.076450 0.145782 -0.065824
v -0.075516 0.142926 -0.071243
v -0.065373 0.082656 -0.055251
v -0.063609 0.085932 -0.049675
v -0.066444 0.103530 -0.037559
v -0.064134 0.093219 -0.042609
v -0.063441 0.088967 -0.046095
v -0.073888 0.117275 -0.078193
v -0.074466 0.104433 -0.067504
v -0.086352 0.136238 -0.050757
v -0.075642 0.089722 -0.064344
v -0.082446 0.135849 -0.057551
v -0.089313 0.132657 -0.042619
v -0.089943 0.126367 -0.038462
v -0.085144 0.110460 -0.037359
v -0.087727 0.116571 -0.036141
v -0.078141 0.084263 -0.060102
v -0.074382 0.097073 -0.066497
v -0.089932 0.129591 -0.040456
v -0.089575 0.122430 -0.037170
v -0.074980 0.117306 -0.069048
v -0.078897 0.133571 -0.060627
v -0.076387 0.130011 -0.063809
v -0.075883 0.126389 -0.066517
v -0.078666 0.084756 -0.054579
v -0.078036 0.087129 -0.051030
v -0.082183 0.104517 -0.038923
v -0.079979 0.096243 -0.043134
v -0.078698 0.091088 -0.046567
v -0.074791 0.111227 -0.068670
v -0.076608 0.104916 -0.064985
v -0.088410 0.134327 -0.050715
v -0.076230 0.092474 -0.062853
v -0.084525 0.133686 -0.057813
v -0.091549 0.132185 -0.044205
v -0.092326 0.125003 -0.039417
v -0.087507 0.110754 -0.037800
v -0.089618 0.116235 -0.037212
v -0.077500 0.089124 -0.059535
v -0.076818 0.098784 -0.064785
v -0.092284 0.128089 -0.041191
v -0.091612 0.121307 -0.038283
v -0.075736 0.115700 -0.066202
v -0.081722 0.131890 -0.060784
v -0.079401 0.127481 -0.063210
v -0.077669 0.124236 -0.064638
v -0.078876 0.088904 -0.055545
v -0.079432 0.090205 -0.051481
v -0.085470 0.105872 -0.039155
v -0.082855 0.098532 -0.043501
v -0.080545 0.092883 -0.047974
v -0.075589 0.110533 -0.065887
v -0.078414 0.104748 -0.063252
v -0.087832 0.132951 -0.050736
v -0.076482 0.094804 -0.061645
v -0.084934 0.131617 -0.057971
v -0.090993 0.130819 -0.045255
v -0.091255 0.123900 -0.040793
v -0.088210 0.110177 -0.039217
v -0.090058 0.115878 -0.039364
v -0.077543 0.092085 -0.058800
v -0.077805 0.100401 -0.062853
v -0.091812 0.127187 -0.042199
v -0.090689 0.120088 -0.039743
v -0.076545 0.114555 -0.064354
v -0.082089 0.129024 -0.060428
v -0.079863 0.125706 -0.062349
v -0.078582 0.122556 -0.063630
v -0.078508 0.091392 -0.055398
v -0.079705 0.092326 -0.051964
v -0.086184 0.107047 -0.040561
v -0.083360 0.100117 -0.044646
v -0.081186 0.095025 -0.048573
v -0.076440 0.109966 -0.063945
v -0.075369 0.106145 -0.061110
v -0.085323 0.130116 -0.050746
v -0.072177 0.099183 -0.059986
v -0.080976 0.129675 -0.056122
v -0.086457 0.129045 -0.046620
v -0.088232 0.122672 -0.042703
v -0.085869 0.109872 -0.042619
v -0.086993 0.114555 -0.041958
v -0.077553 0.096170 -0.057792
v -0.073384 0.102512 -0.060805
v -0.090269 0.126178 -0.044299
v -0.088358 0.119123 -0.042094
v -0.077280 0.113284 -0.062380
v -0.079349 0.127754 -0.058012
v -0.078393 0.123438 -0.060407
v -0.077963 0.120288 -0.061582
v -0.078456 0.095498 -0.055177
v -0.079663 0.096432 -0.052405
v -0.084441 0.107845 -0.043029
v -0.082435 0.102669 -0.046253
v -0.080945 0.097986 -0.049728
v -0.076199 0.109693 -0.061919
v -0.072082 0.108539 -0.059136
v -0.083296 0.123963 -0.052269
v -0.072156 0.105210 -0.055891
v -0.079674 0.124184 -0.054862
v -0.086068 0.123049 -0.050505
v -0.087717 0.120351 -0.047554
v -0.085617 0.111857 -0.045685
v -0.086667 0.114041 -0.045790
v -0.073637 0.103509 -0.054369
v -0.071515 0.106764 -0.057760
v -0.087160 0.122000 -0.048982
v -0.087759 0.117621 -0.046515
v -0.076902 0.112340 -0.060249
v -0.077847 0.123228 -0.057036
v -0.077763 0.120383 -0.058317
v -0.077112 0.117222 -0.059073
v -0.076188 0.102480 -0.053193
v -0.080598 0.102060 -0.052122
v -0.085008 0.109683 -0.046263
v -0.082939 0.105084 -0.048877
v -0.081837 0.102911 -0.050694
v -0.074644 0.110261 -0.059724
v -0.078109 0.113011 -0.058107
v -0.081900 0.109662 -0.048447
v -0.083045 0.108497 -0.047922
v -0.077689 0.113831 -0.059126
v -0.074477 0.110397 -0.058359
v -0.080336 0.104968 -0.050232
v -0.081448 0.106606 -0.048688
v -0.083947 0.110449 -0.047250
v -0.077700 0.104370 -0.050999
v -0.074991 0.104769 -0.051702
v -0.077007 0.115700 -0.058065
v -0.076986 0.117957 -0.057025
v -0.079411 0.120487 -0.056469
v -0.076797 0.111920 -0.059283
v -0.086415 0.116960 -0.047922
v -0.085701 0.119805 -0.050032
v -0.072681 0.107772 -0.056185
v -0.074056 0.105431 -0.053435
v -0.085596 0.114030 -0.047145
v -0.084913 0.112256 -0.047113
v -0.086258 0.118723 -0.048919
v -0.084872 0.120571 -0.051408
v 0.000000 0.089051 0.021430
v -0.006720 0.089387 0.021409
v -0.017084 0.089744 0.021031
v -0.028413 0.089680 0.018942
v -0.060469 0.204760 -0.109379
v -0.048121 0.214431 -0.118629
v -0.038283 0.090027 0.013681
v -0.069436 0.192129 -0.099162
v -0.074035 0.178343 -0.090373
v -0.046536 0.089712 0.005334
v 0.000000 0.227000 -0.131691
v -0.034660 0.220878 -0.125349
v -0.008358 0.226453 -0.131008
v -0.052363 0.090101 -0.005943
v -0.059829 0.092904 -0.027048
v -0.061603 0.095435 -0.034219
v -0.019404 0.224343 -0.129601
v -0.056616 0.090657 -0.018270
v -0.074875 0.163926 -0.083843
v -0.074497 0.150423 -0.079537
v -0.074634 0.138401 -0.075526
v -0.065268 0.098270 -0.039763
v -0.075274 0.122335 -0.068239
v -0.081081 0.100380 -0.041023
v -0.076450 0.120267 -0.065856
v -0.084157 0.102196 -0.041328
v -0.077364 0.118755 -0.064323
v -0.084651 0.103152 -0.042808
v -0.077910 0.116876 -0.062349
v -0.083422 0.104979 -0.044667
v -0.077679 0.114744 -0.060028
v -0.084011 0.107404 -0.047344
v -0.081973 0.121411 -0.055167
v -0.073080 0.106439 -0.054873
v -0.083853 0.121023 -0.052972
v -0.072723 0.109126 -0.057267
v -0.080797 0.127229 -0.055419
v -0.074938 0.110030 -0.060753
v -0.071935 0.107709 -0.060354
v -0.082981 0.103751 -0.048079
v -0.081312 0.100013 -0.050306
v -0.077879 0.121590 -0.059010
v -0.079212 0.125769 -0.057162
v -0.070875 0.105378 -0.059126
v -0.088158 0.121832 -0.045423
v -0.088557 0.118503 -0.044173
v -0.078655 0.099215 -0.055094
v -0.075285 0.100454 -0.056291
v -0.077007 0.112654 -0.061068
v -0.077238 0.118492 -0.059944
v -0.087318 0.124698 -0.047019
v -0.086719 0.125948 -0.049066
v -0.085806 0.111247 -0.043942
v -0.086552 0.113999 -0.043648
v -0.085197 0.108948 -0.044415
v -0.080440 0.098994 -0.052626
v -0.071568 0.102932 -0.057676
v -0.085312 0.127197 -0.051471
v -0.077711 0.115542 -0.060847
v -0.084168 0.106376 -0.046326
v -0.079957 0.107887 -0.050253
v -0.076115 0.109946 -0.055650
v -0.078698 0.113200 -0.055965
v -0.076293 0.114188 -0.054716
v -0.082215 0.118703 -0.051513
v -0.081029 0.097209 -0.049339
v -0.076713 0.109767 -0.062612
v -0.085092 0.131345 -0.050746
v -0.077637 0.117548 -0.055041
v -0.076996 0.111311 -0.058222
v -0.090846 0.126546 -0.043501
v -0.078477 0.121275 -0.062622
v -0.077983 0.105682 -0.061530
v -0.077595 0.094343 -0.058348
v -0.077983 0.106019 -0.050652
v -0.076923 0.106291 -0.051702
v -0.084535 0.116519 -0.049066
v -0.083360 0.118157 -0.050631
v -0.081732 0.114713 -0.048646
v -0.081155 0.119039 -0.052574
v -0.073689 0.109452 -0.055209
v -0.080829 0.113642 -0.048363
v -0.081365 0.116529 -0.050001
v -0.074424 0.110439 -0.056773
v -0.079726 0.106628 -0.049938
v -0.080976 0.107993 -0.049087
v -0.082100 0.111373 -0.047775
v -0.076912 0.114188 -0.056983
v -0.076251 0.115615 -0.055681
v -0.081900 0.116004 -0.049234
v -0.080714 0.116939 -0.050872
v -0.079254 0.107069 -0.050914
v -0.078960 0.107488 -0.051618
v -0.084042 0.104675 -0.044436
v -0.077836 0.117663 -0.063231
v -0.074119 0.108696 -0.054631
v -0.075810 0.107037 -0.052720
v -0.083885 0.114240 -0.048132
v -0.077101 0.109011 -0.054411
v -0.078446 0.108045 -0.052574
v -0.082908 0.112885 -0.047806
v -0.084147 0.117422 -0.049812
v -0.080062 0.117243 -0.051849
v -0.078886 0.112371 -0.057004
v -0.080566 0.110796 -0.048856
v -0.079181 0.118556 -0.054569
v -0.074959 0.107877 -0.053812
v -0.079306 0.117537 -0.052689
v -0.076409 0.109483 -0.055083
v -0.088547 0.119647 -0.041296
v -0.079758 0.128730 -0.058706
v -0.074897 0.097829 -0.060459
v -0.080336 0.112329 -0.048310
v -0.080482 0.109232 -0.049507
v -0.079674 0.095035 -0.052237
v -0.087738 0.114513 -0.041454
v -0.089880 0.129318 -0.046127
v -0.077122 0.113767 -0.063168
v -0.077080 0.115930 -0.054086
v -0.077427 0.110985 -0.056805
v -0.077983 0.117065 -0.053718
v -0.077721 0.108560 -0.053497
v -0.090395 0.123060 -0.041916
v -0.078466 0.094133 -0.055167
v -0.085239 0.107594 -0.042914
v -0.086268 0.109788 -0.042315
v -0.078949 0.124372 -0.061404
v -0.082897 0.102186 -0.045906
v -0.081291 0.130599 -0.056857
v -0.075190 0.101357 -0.061656
v -0.077290 0.114702 -0.051943
v -0.078960 0.112087 -0.053277
v -0.076797 0.112917 -0.052363
v -0.079506 0.110838 -0.053896
v -0.078876 0.109631 -0.054190
v -0.078991 0.111447 -0.055461
v -0.078036 0.112486 -0.049864
v -0.078792 0.111384 -0.050431
v -0.078582 0.114503 -0.050022
v -0.080388 0.110019 -0.050431
v -0.079905 0.108675 -0.050967
v -0.079789 0.110502 -0.052626
v -0.079265 0.109410 -0.053035
v -0.076618 0.113421 -0.053676
v -0.078970 0.112697 -0.054884
v -0.076965 0.115059 -0.053004
v -0.078299 0.109966 -0.055220
v -0.077931 0.114587 -0.050988
v -0.078844 0.111678 -0.052059
v -0.077228 0.112612 -0.051145
v -0.079506 0.114219 -0.049161
v -0.079391 0.111163 -0.049319
v -0.078991 0.112413 -0.049077
v -0.080167 0.110387 -0.051523
v -0.079600 0.109148 -0.051912
v -0.075526 0.109820 -0.061352
v -0.080997 0.098931 -0.049833
v -0.079338 0.126735 -0.057540
v -0.088294 0.118829 -0.043113
v -0.077322 0.098154 -0.057361
v -0.077521 0.119406 -0.060711
v -0.087885 0.125633 -0.045370
v -0.085827 0.109966 -0.043291
v -0.085082 0.108035 -0.043701
v -0.080461 0.128572 -0.055566
v -0.073343 0.106911 -0.060742
v -0.082845 0.103352 -0.046641
v -0.078120 0.122577 -0.059682
v -0.071631 0.103950 -0.059976
v -0.087969 0.122566 -0.043722
v -0.078550 0.097083 -0.055209
v -0.077175 0.112938 -0.061719
v -0.085911 0.128037 -0.047428
v -0.087181 0.113862 -0.042735
v -0.079936 0.097461 -0.052479
v -0.071599 0.101325 -0.058968
v -0.085680 0.128762 -0.051219
v -0.077826 0.116204 -0.061582
v -0.083821 0.105158 -0.045287
v -0.079831 0.117075 -0.040981
v -0.083643 0.132006 -0.046168
v -0.081259 0.133686 -0.051114
v -0.078393 0.110166 -0.042052
v -0.074182 0.104507 -0.069625
v -0.073584 0.096149 -0.068166
v -0.084483 0.129392 -0.043019
v -0.083622 0.126147 -0.041916
v -0.074781 0.088494 -0.065824
v -0.076419 0.081154 -0.060805
v -0.074109 0.086079 -0.051313
v -0.073427 0.093702 -0.050610
v -0.074529 0.112476 -0.071012
v -0.074707 0.119837 -0.071494
v -0.074592 0.098060 -0.047953
v -0.076429 0.132657 -0.064396
v -0.075632 0.129486 -0.067777
v -0.082393 0.122052 -0.040971
v -0.077018 0.133969 -0.061309
v -0.077773 0.133571 -0.057120
v -0.074938 0.082908 -0.054600
v -0.076587 0.105525 -0.044205
v -0.075054 0.125412 -0.070161
v -0.075338 0.102606 -0.045822
v -0.074067 0.117526 -0.040583
v -0.077427 0.132563 -0.046567
v -0.071610 0.110313 -0.041444
v -0.073878 0.105000 -0.072607
v -0.077290 0.126483 -0.042409
v -0.072492 0.086972 -0.067368
v -0.068649 0.088620 -0.052385
v -0.074350 0.123763 -0.074477
v -0.076261 0.137445 -0.064953
v -0.076744 0.138201 -0.055766
v -0.070539 0.105210 -0.042766
v -0.076912 0.136280 -0.049014
v -0.073185 0.095487 -0.070592
v -0.077490 0.129853 -0.044110
v -0.072996 0.081396 -0.061467
v -0.068365 0.092369 -0.049707
v -0.074319 0.114450 -0.074140
v -0.069069 0.096506 -0.047040
v -0.075442 0.134620 -0.069153
v -0.076009 0.122861 -0.041254
v -0.076755 0.138537 -0.061078
v -0.070255 0.084893 -0.057141
v -0.074844 0.130316 -0.072292
v -0.070014 0.101052 -0.044594
v -0.032676 0.134558 -0.147420
v -0.036645 0.134494 -0.146821
v -0.046043 0.130515 -0.142338
v -0.045602 0.131365 -0.142947
v -0.045013 0.132038 -0.143472
v -0.043092 0.133130 -0.144669
v -0.040246 0.133875 -0.145950
v -0.028591 0.133718 -0.147073
v -0.019435 0.127774 -0.144333
v -0.020685 0.127029 -0.143566
v -0.022291 0.126630 -0.144092
v -0.020307 0.129171 -0.144343
v -0.021189 0.129937 -0.144847
v -0.019394 0.128520 -0.144564
v -0.044604 0.127848 -0.142936
v -0.025452 0.125864 -0.145509
v -0.028980 0.125307 -0.146328
v -0.022218 0.130746 -0.145183
v -0.032697 0.124929 -0.146989
v -0.024706 0.132269 -0.145929
v -0.036949 0.125034 -0.146653
v -0.040404 0.125769 -0.145267
v -0.042745 0.126725 -0.144259
v -0.045591 0.128625 -0.141844
v -0.045958 0.129402 -0.141666
v -0.046137 0.129937 -0.141844
v -0.023562 0.126305 -0.144742
v -0.045108 0.128215 -0.142348
v 0.036666 0.134390 -0.147798
v 0.032655 0.134558 -0.148123
v 0.036550 0.136132 -0.147651
v 0.032497 0.136038 -0.148228
v 0.036614 0.137277 -0.147409
v 0.032340 0.137193 -0.148082
v 0.040267 0.133791 -0.147094
v 0.040414 0.135587 -0.146706
v 0.040803 0.136584 -0.146265
v 0.043039 0.133025 -0.145897
v 0.043617 0.134505 -0.145425
v 0.044415 0.135345 -0.144658
v 0.044929 0.131943 -0.144774
v 0.045811 0.133224 -0.144133
v 0.046851 0.133833 -0.143325
v 0.045538 0.131334 -0.144207
v 0.046966 0.132143 -0.143052
v 0.048111 0.132447 -0.141897
v 0.046043 0.130589 -0.143356
v 0.047470 0.131156 -0.142254
v 0.048699 0.131260 -0.140910
v 0.046137 0.129927 -0.142590
v 0.047575 0.130168 -0.141351
v 0.048773 0.130190 -0.140259
v 0.045853 0.129392 -0.142275
v 0.047386 0.129255 -0.141351
v 0.048626 0.128982 -0.140227
v 0.045528 0.128678 -0.142401
v 0.046861 0.128247 -0.141382
v 0.048132 0.127732 -0.140060
v 0.044615 0.127858 -0.143388
v 0.045287 0.126462 -0.142506
v 0.046431 0.125318 -0.141424
v 0.042903 0.126735 -0.144564
v 0.043491 0.125234 -0.143818
v 0.044489 0.124057 -0.143115
v 0.040583 0.125801 -0.145667
v 0.041233 0.124236 -0.145131
v 0.041748 0.122861 -0.144627
v 0.037769 0.121936 -0.146108
v 0.037128 0.123302 -0.146674
v 0.036949 0.125013 -0.147168
v 0.033190 0.121758 -0.147094
v 0.032518 0.123007 -0.146800
v 0.032644 0.124897 -0.147483
v 0.028434 0.122147 -0.146947
v 0.028308 0.123270 -0.146769
v 0.028980 0.125307 -0.146853
v 0.024381 0.123018 -0.146307
v 0.024486 0.124184 -0.146286
v 0.025305 0.125769 -0.146108
v 0.019488 0.124855 -0.145415
v 0.020338 0.125349 -0.145288
v 0.022050 0.126515 -0.144847
v 0.028613 0.133634 -0.147578
v 0.028161 0.135156 -0.147861
v 0.027877 0.136258 -0.147840
v 0.024706 0.132269 -0.146464
v 0.024181 0.133686 -0.147126
v 0.023783 0.134600 -0.147462
v 0.021976 0.130673 -0.146139
v 0.021168 0.131890 -0.146916
v 0.020622 0.132668 -0.147210
v 0.019078 0.129139 -0.145267
v 0.018270 0.129570 -0.146885
v 0.017619 0.129769 -0.147063
v 0.018396 0.128478 -0.144974
v 0.017598 0.128740 -0.146391
v 0.016926 0.128751 -0.146979
v 0.018448 0.127796 -0.144701
v 0.017336 0.127816 -0.146139
v 0.016621 0.127638 -0.146811
v 0.019383 0.126924 -0.144490
v 0.017587 0.126798 -0.145814
v 0.016821 0.126473 -0.146328
v 0.046641 0.120666 -0.140122
v 0.043354 0.118955 -0.142159
v 0.038829 0.117831 -0.144679
v 0.033379 0.117568 -0.146086
v 0.027563 0.118230 -0.146821
v 0.022522 0.119711 -0.146307
v 0.017136 0.122997 -0.145855
v 0.048678 0.134484 -0.140721
v 0.050232 0.132814 -0.139366
v 0.050830 0.131397 -0.138547
v 0.051082 0.130043 -0.138117
v 0.051104 0.128541 -0.137875
v 0.050830 0.126662 -0.137540
v 0.049014 0.122871 -0.138411
v 0.036771 0.138999 -0.146989
v 0.032120 0.138957 -0.147766
v 0.041475 0.138149 -0.145162
v 0.045685 0.136521 -0.143283
v 0.027226 0.137949 -0.148113
v 0.022648 0.136258 -0.148260
v 0.019121 0.134285 -0.148334
v 0.015582 0.130589 -0.148228
v 0.014931 0.129013 -0.148197
v 0.014794 0.127375 -0.147955
v 0.015267 0.125444 -0.146958
v 0.019425 0.130631 -0.146832
v 0.018774 0.131114 -0.147063
v 0.020496 0.129654 -0.145719
v 0.016831 0.132331 -0.148134
v 0.013577 0.130904 -0.149593
v 0.012915 0.129024 -0.149404
v 0.012862 0.127061 -0.149121
v 0.013639 0.124719 -0.148680
v 0.014952 0.132982 -0.149688
v 0.011077 0.131260 -0.151715
v 0.010437 0.128982 -0.151494
v 0.010531 0.126704 -0.151326
v 0.011434 0.123900 -0.150833
v 0.012442 0.133686 -0.151861
v 0.008526 0.131974 -0.154350
v 0.007949 0.129161 -0.154203
v 0.008190 0.126389 -0.154108
v 0.009303 0.123029 -0.153363
v 0.009712 0.134673 -0.154360
v 0.006772 0.117652 -0.158308
v 0.005775 0.132510 -0.156555
v 0.005407 0.129538 -0.156502
v 0.005733 0.126273 -0.156534
v 0.006993 0.121926 -0.156271
v 0.006667 0.135418 -0.156639
v 0.003486 0.119448 -0.160419
v 0.002992 0.133119 -0.157836
v 0.002845 0.129948 -0.157962
v 0.003003 0.126777 -0.158487
v 0.003360 0.123585 -0.159022
v 0.003413 0.136122 -0.157983
v 0.048604 0.118272 -0.139062
v 0.045076 0.116193 -0.141876
v 0.039900 0.114860 -0.144795
v 0.033663 0.114755 -0.147105
v 0.027174 0.115647 -0.148145
v 0.021609 0.117474 -0.148008
v 0.015676 0.121821 -0.147640
v 0.049885 0.135188 -0.139639
v 0.051797 0.133235 -0.137833
v 0.052741 0.131555 -0.136972
v 0.053098 0.129917 -0.136447
v 0.053151 0.128069 -0.136017
v 0.053004 0.125906 -0.135964
v 0.051104 0.120970 -0.137120
v 0.036949 0.140238 -0.147231
v 0.031720 0.140343 -0.148365
v 0.042084 0.139115 -0.145110
v 0.046651 0.137225 -0.142317
v 0.026282 0.139356 -0.149131
v 0.021241 0.137445 -0.149604
v 0.017367 0.135240 -0.149751
v 0.055030 0.131712 -0.134967
v 0.053970 0.133760 -0.136091
v 0.051681 0.136101 -0.138254
v 0.017976 0.099477 -0.154550
v 0.006615 0.108875 -0.163380
v 0.003580 0.110019 -0.164976
v 0.014773 0.136385 -0.151830
v 0.011707 0.137581 -0.154350
v 0.008190 0.138632 -0.156786
v 0.004011 0.139303 -0.158014
v 0.036981 0.142411 -0.147578
v 0.030744 0.142695 -0.149499
v 0.042903 0.140941 -0.144910
v 0.048069 0.138526 -0.141362
v 0.024402 0.141561 -0.151221
v 0.018721 0.139251 -0.152061
v 0.036750 0.144911 -0.148166
v 0.029127 0.145247 -0.150979
v 0.043459 0.143441 -0.144679
v 0.049224 0.140868 -0.140689
v 0.021504 0.144081 -0.153426
v 0.015592 0.141068 -0.154277
v 0.013619 0.111384 -0.154140
v 0.047197 0.112980 -0.141403
v 0.021357 0.095582 -0.153594
v 0.055535 0.129717 -0.134369
v 0.055661 0.127439 -0.133864
v 0.055471 0.124813 -0.133633
v 0.057592 0.132216 -0.132489
v 0.056164 0.135051 -0.134180
v 0.053414 0.137960 -0.137067
v 0.041391 0.111384 -0.145068
v 0.045181 0.104013 -0.144606
v 0.058201 0.129591 -0.131659
v 0.058579 0.126599 -0.131103
v 0.058149 0.123407 -0.130851
v 0.055996 0.116529 -0.133487
v 0.016559 0.097377 -0.155967
v 0.009418 0.104055 -0.163769
v 0.006689 0.105263 -0.166079
v 0.003854 0.106134 -0.167905
v 0.012033 0.102386 -0.161270
v 0.019016 0.093776 -0.154728
v 0.035700 0.148428 -0.149068
v 0.026859 0.148942 -0.152807
v 0.043564 0.146664 -0.144774
v 0.050096 0.143787 -0.140039
v 0.016958 0.147756 -0.156356
v 0.011161 0.142800 -0.156807
v 0.059619 0.133130 -0.129811
v 0.057760 0.136721 -0.132100
v 0.055062 0.140270 -0.135691
v 0.052017 0.106239 -0.139251
v 0.010227 0.114513 -0.156051
v 0.060459 0.129549 -0.128405
v 0.061142 0.125727 -0.127785
v 0.061047 0.121884 -0.127858
v 0.058789 0.113936 -0.130756
v 0.055419 0.102155 -0.136437
v 0.005176 0.143787 -0.158644
v 0.035416 0.152418 -0.149436
v 0.026187 0.153552 -0.153867
v 0.043974 0.150350 -0.144543
v 0.050746 0.147158 -0.139188
v 0.017882 0.216185 -0.136983
v 0.007161 0.148543 -0.159107
v 0.035511 0.156566 -0.149530
v 0.025935 0.157847 -0.154266
v 0.044415 0.154182 -0.144123
v 0.051639 0.150528 -0.138106
v 0.016139 0.153773 -0.157783
v 0.007024 0.153857 -0.159757
v 0.015487 0.158340 -0.158256
v 0.006678 0.158319 -0.160209
v 0.039763 0.181996 -0.142096
v 0.028276 0.185609 -0.148523
v 0.051355 0.176978 -0.134652
v 0.060648 0.170006 -0.124604
v 0.016600 0.174332 -0.156996
v 0.006311 0.175098 -0.158581
v 0.044446 0.198397 -0.132657
v 0.031185 0.202944 -0.139828
v 0.056763 0.191300 -0.123658
v 0.065299 0.180957 -0.112927
v 0.017041 0.187667 -0.152544
v 0.006447 0.188769 -0.154171
v 0.061519 0.134033 -0.126651
v 0.059272 0.138705 -0.129707
v 0.056070 0.143020 -0.134095
v 0.062989 0.129686 -0.124708
v 0.063378 0.125066 -0.123753
v 0.063431 0.120341 -0.123921
v 0.061572 0.111017 -0.127438
v 0.063000 0.135125 -0.122756
v 0.060543 0.140511 -0.126861
v 0.056815 0.145751 -0.132017
v 0.064711 0.129749 -0.120057
v 0.070087 0.140983 -0.099382
v 0.068166 0.151599 -0.105777
v 0.065583 0.161028 -0.114681
v 0.071704 0.129906 -0.094815
v 0.072502 0.119385 -0.092746
v 0.072229 0.109095 -0.091823
v 0.069436 0.089712 -0.094731
v 0.071421 0.157143 -0.095602
v 0.070045 0.169575 -0.102889
v 0.072156 0.173796 -0.096715
v 0.009156 0.086919 -0.170068
v 0.008274 0.087801 -0.171832
v 0.009282 0.091119 -0.171864
v 0.010070 0.096296 -0.170016
v 0.009922 0.098836 -0.168388
v 0.009849 0.101430 -0.166551
v 0.012852 0.097934 -0.166131
v 0.012075 0.100097 -0.163474
v 0.016695 0.094521 -0.160241
v 0.016716 0.095928 -0.158728
v 0.017903 0.092033 -0.157689
v 0.008463 0.080115 -0.160829
v 0.014637 0.082814 -0.157542
v 0.014280 0.088988 -0.165984
v 0.017272 0.085197 -0.155883
v 0.006972 0.102312 -0.168819
v 0.003874 0.102900 -0.170321
v 0.007077 0.096674 -0.172599
v 0.003654 0.096674 -0.174247
v 0.006184 0.091003 -0.174447
v 0.003097 0.090699 -0.175770
v 0.006772 0.085155 -0.169680
v 0.005701 0.085123 -0.170646
v 0.005460 0.087686 -0.173807
v 0.002804 0.087444 -0.174646
v 0.005502 0.083601 -0.167527
v 0.004504 0.082908 -0.168263
v 0.003990 0.085050 -0.171087
v 0.002079 0.084682 -0.171612
v 0.005460 0.082005 -0.165406
v 0.004504 0.081207 -0.165585
v 0.003034 0.082435 -0.168147
v 0.001586 0.081942 -0.168399
v 0.006058 0.080913 -0.162981
v 0.005607 0.079422 -0.163054
v 0.002793 0.080420 -0.165501
v 0.001313 0.079905 -0.165270
v 0.016611 0.085596 -0.158351
v 0.016223 0.087854 -0.162456
v 0.013650 0.083664 -0.158592
v 0.012778 0.086226 -0.165942
v 0.013566 0.087623 -0.165994
v 0.015309 0.086362 -0.163138
v 0.014521 0.085502 -0.163579
v 0.014648 0.084924 -0.159957
v 0.015876 0.084609 -0.159873
v 0.009219 0.086152 -0.168829
v 0.007360 0.085134 -0.168861
v 0.005848 0.084294 -0.166834
v 0.006038 0.082887 -0.165018
v 0.006604 0.082194 -0.162855
v 0.008568 0.081701 -0.160997
v 0.012043 0.081344 -0.158739
v 0.011938 0.082530 -0.159022
v 0.012023 0.091214 -0.169092
v 0.016632 0.089239 -0.161952
v 0.017713 0.087255 -0.158256
v 0.012873 0.095686 -0.167349
v 0.016863 0.093188 -0.161143
v 0.017787 0.091686 -0.158960
v 0.003213 0.078614 -0.164083
v 0.001459 0.077942 -0.164608
v 0.012883 0.084283 -0.159484
v 0.011602 0.086667 -0.164325
v 0.013282 0.085795 -0.162939
v 0.013261 0.085396 -0.160566
v 0.008757 0.086289 -0.166866
v 0.007550 0.085869 -0.166792
v 0.006311 0.085428 -0.165826
v 0.006038 0.084221 -0.164157
v 0.006982 0.083129 -0.162572
v 0.008589 0.082772 -0.161175
v 0.011497 0.083381 -0.159631
v 0.007550 0.072461 -0.163863
v 0.004819 0.071694 -0.165553
v 0.001858 0.070802 -0.165291
v 0.015845 0.082593 -0.156250
v 0.008652 0.078750 -0.161007
v 0.012505 0.079590 -0.158875
v 0.028497 0.057057 -0.148102
v 0.025483 0.064019 -0.153447
v 0.010626 0.087465 -0.169165
v 0.010321 0.086331 -0.168116
v 0.010206 0.086100 -0.166614
v 0.011319 0.089093 -0.169270
v 0.027951 0.061457 -0.150391
v 0.028823 0.058685 -0.148396
v 0.019835 0.049791 -0.153825
v 0.024077 0.053078 -0.150591
v 0.022270 0.073710 -0.155095
v 0.026408 0.054915 -0.148984
v 0.021872 0.070508 -0.155715
v 0.021913 0.067169 -0.156188
v 0.026239 0.068754 -0.152932
v 0.025767 0.066391 -0.153416
v 0.028675 0.062843 -0.150087
v 0.030240 0.058663 -0.147903
v 0.030303 0.056028 -0.147241
v 0.011791 0.085281 -0.160839
v 0.010930 0.086352 -0.164231
v 0.011959 0.086090 -0.162603
v 0.012390 0.085711 -0.161280
v 0.009062 0.086468 -0.165805
v 0.008452 0.086289 -0.165396
v 0.007655 0.085943 -0.164787
v 0.007539 0.085270 -0.163495
v 0.008337 0.084567 -0.162225
v 0.009251 0.084105 -0.161353
v 0.010647 0.084662 -0.160839
v 0.009922 0.086478 -0.165260
v 0.010185 0.086331 -0.163454
v 0.011025 0.085953 -0.162131
v 0.009366 0.086478 -0.164493
v 0.008988 0.085943 -0.163138
v 0.009765 0.085428 -0.161920
v 0.008610 0.086236 -0.164062
v 0.027352 0.052227 -0.148270
v 0.024654 0.050075 -0.149929
v 0.020129 0.047670 -0.152712
v 0.028014 0.058685 -0.148607
v 0.027720 0.057466 -0.148344
v 0.026082 0.055744 -0.149121
v 0.023940 0.054212 -0.150811
v 0.019582 0.051755 -0.154644
v 0.027290 0.060701 -0.150717
v 0.025105 0.062559 -0.153499
v 0.011456 0.069951 -0.164367
v 0.018763 0.066885 -0.159968
v 0.022134 0.064785 -0.157059
v 0.024601 0.061478 -0.153478
v 0.021725 0.063514 -0.157101
v 0.024108 0.060784 -0.153636
v 0.021263 0.062444 -0.157122
v 0.023194 0.059378 -0.153142
v 0.020013 0.060323 -0.156229
v 0.022228 0.059314 -0.152124
v 0.019383 0.059294 -0.155967
v 0.021767 0.059545 -0.151221
v 0.018144 0.059483 -0.154192
v 0.027185 0.058758 -0.148806
v 0.026932 0.057981 -0.148239
v 0.026649 0.059934 -0.150927
v 0.026544 0.058663 -0.149058
v 0.026544 0.058254 -0.148459
v 0.025893 0.059503 -0.150917
v 0.025861 0.058737 -0.148827
v 0.025872 0.058569 -0.148491
v 0.024518 0.059126 -0.150696
v 0.025494 0.058884 -0.148207
v 0.025610 0.058747 -0.147756
v 0.023866 0.059136 -0.150297
v 0.025295 0.059252 -0.146895
v 0.025631 0.059010 -0.146317
v 0.023320 0.059503 -0.149384
v 0.022123 0.058401 -0.149740
v 0.022228 0.057929 -0.150885
v 0.023068 0.056480 -0.151620
v 0.023520 0.055514 -0.151420
v 0.025473 0.056606 -0.149415
v 0.024979 0.057236 -0.149615
v 0.024276 0.058181 -0.149216
v 0.024087 0.058464 -0.148228
v 0.024286 0.058559 -0.146454
v 0.022827 0.058611 -0.147430
v 0.018711 0.065615 -0.160534
v 0.018427 0.064523 -0.160303
v 0.017073 0.060974 -0.159432
v 0.005407 0.069226 -0.167527
v 0.011602 0.068355 -0.164881
v 0.011424 0.067043 -0.165154
v 0.010972 0.062139 -0.163443
v 0.002352 0.068071 -0.167737
v 0.008389 0.070203 -0.166456
v 0.008463 0.068743 -0.166740
v 0.008431 0.067683 -0.167002
v 0.008085 0.062087 -0.164399
v 0.005586 0.067799 -0.167548
v 0.005596 0.066570 -0.167527
v 0.005250 0.061446 -0.165081
v 0.002415 0.066560 -0.167916
v 0.002446 0.065541 -0.167800
v 0.002079 0.060848 -0.165637
v 0.016380 0.059283 -0.159212
v 0.010647 0.059146 -0.162246
v 0.007990 0.059084 -0.162246
v 0.004893 0.058947 -0.162624
v 0.002257 0.058747 -0.162719
v 0.017199 0.058412 -0.153153
v 0.018102 0.057740 -0.155284
v 0.019152 0.055367 -0.155242
v 0.019289 0.053729 -0.155032
v 0.013619 0.044625 -0.155726
v 0.013608 0.048667 -0.158718
v 0.011624 0.058202 -0.159285
v 0.012085 0.056994 -0.159316
v 0.012957 0.054054 -0.160157
v 0.013409 0.051513 -0.159264
v 0.005607 0.043208 -0.157510
v 0.005995 0.046757 -0.161879
v 0.005334 0.057865 -0.161123
v 0.005365 0.056690 -0.161900
v 0.005544 0.052962 -0.163117
v 0.005712 0.050358 -0.162634
v 0.020580 0.061152 -0.156492
v 0.023551 0.059997 -0.153426
v 0.025105 0.059252 -0.150717
v 0.026187 0.058685 -0.149016
v 0.026145 0.058454 -0.148764
v 0.022554 0.057299 -0.151399
v 0.024559 0.057771 -0.149636
v 0.017640 0.062685 -0.159789
v 0.011140 0.064523 -0.164231
v 0.008242 0.064680 -0.165648
v 0.005407 0.063851 -0.166194
v 0.002247 0.063095 -0.166530
v 0.018753 0.056732 -0.155600
v 0.012558 0.055619 -0.160104
v 0.005429 0.054705 -0.163054
v 0.007707 0.059829 -0.158728
v 0.009964 0.059829 -0.158267
v 0.015088 0.059671 -0.155757
v 0.005334 0.058390 -0.160776
v 0.010962 0.058485 -0.158308
v 0.016664 0.058769 -0.151515
v 0.001995 0.059661 -0.158298
v 0.004441 0.059671 -0.158340
v 0.021630 0.060291 -0.150108
v 0.017503 0.060564 -0.152712
v 0.025399 0.059861 -0.145026
v 0.026208 0.059325 -0.144259
v 0.022974 0.060197 -0.148082
v 0.025147 0.058380 -0.143997
v 0.022281 0.058222 -0.145740
v 0.007623 0.060858 -0.157951
v 0.009786 0.060848 -0.157374
v 0.014899 0.060795 -0.154739
v 0.005796 0.057981 -0.158602
v 0.010080 0.058475 -0.156660
v 0.018900 0.058191 -0.148228
v 0.001901 0.060826 -0.158214
v 0.004536 0.060795 -0.158182
v 0.020317 0.062717 -0.148491
v 0.016422 0.063315 -0.151147
v 0.025924 0.060669 -0.143157
v 0.026880 0.059525 -0.142548
v 0.021997 0.062297 -0.146496
v 0.024077 0.056700 -0.142747
v 0.021084 0.055870 -0.143976
v 0.006731 0.064533 -0.157122
v 0.009062 0.064386 -0.155893
v 0.013577 0.064134 -0.153321
v 0.006699 0.056480 -0.156250
v 0.011414 0.056847 -0.153962
v 0.017997 0.056185 -0.146024
v 0.001638 0.063578 -0.157941
v 0.004053 0.064155 -0.157637
v 0.019593 0.066938 -0.148344
v 0.016139 0.067956 -0.150811
v 0.026071 0.062674 -0.142411
v 0.027384 0.059913 -0.141298
v 0.021672 0.066119 -0.146338
v 0.024013 0.054012 -0.141939
v 0.020779 0.052637 -0.143577
v 0.006436 0.069080 -0.157164
v 0.008673 0.069174 -0.155841
v 0.013156 0.068743 -0.153216
v 0.006489 0.052017 -0.155936
v 0.012159 0.052805 -0.152680
v 0.017409 0.052584 -0.146118
v 0.001606 0.068576 -0.158046
v 0.003885 0.068785 -0.157826
v 0.019078 0.071138 -0.147966
v 0.015351 0.072030 -0.150549
v 0.026555 0.064869 -0.141403
v 0.027941 0.060459 -0.140070
v 0.021462 0.069993 -0.145897
v 0.023971 0.052101 -0.141088
v 0.020475 0.050106 -0.142978
v 0.006121 0.073826 -0.156608
v 0.008242 0.073742 -0.155421
v 0.012957 0.073353 -0.152607
v 0.006174 0.048048 -0.155221
v 0.012400 0.048699 -0.151389
v 0.016852 0.049455 -0.145698
v 0.001575 0.073185 -0.157469
v 0.003727 0.073616 -0.157206
v 0.019110 0.076136 -0.146128
v 0.015561 0.077700 -0.148344
v 0.027825 0.067620 -0.139366
v 0.029179 0.061058 -0.137833
v 0.021861 0.074592 -0.144165
v 0.024402 0.049339 -0.138600
v 0.020654 0.046253 -0.140427
v 0.006048 0.079664 -0.154046
v 0.008264 0.079674 -0.152943
v 0.012810 0.078792 -0.149719
v 0.004756 0.042147 -0.150265
v 0.013072 0.043229 -0.146118
v 0.016779 0.044688 -0.142622
v 0.001459 0.078614 -0.154665
v 0.003413 0.079265 -0.154581
v 0.020559 0.082782 -0.139681
v 0.016852 0.084903 -0.140753
v 0.030607 0.070864 -0.134369
v 0.031930 0.062381 -0.132983
v 0.023866 0.080556 -0.138337
v 0.026523 0.047145 -0.133067
v 0.022155 0.042777 -0.134348
v 0.006184 0.087832 -0.144889
v 0.009072 0.087707 -0.144092
v 0.013829 0.086278 -0.141813
v 0.006395 0.036813 -0.141446
v 0.013009 0.039259 -0.138852
v 0.017923 0.040278 -0.135964
v 0.001228 0.086394 -0.145415
v 0.003580 0.087308 -0.145309
v 0.022123 0.089135 -0.127607
v 0.019173 0.090983 -0.127796
v 0.033264 0.073899 -0.123417
v 0.034283 0.063945 -0.122356
v 0.025756 0.086510 -0.127187
v 0.028581 0.046105 -0.122042
v 0.024349 0.043585 -0.122031
v 0.007035 0.095571 -0.129612
v 0.010027 0.095361 -0.129266
v 0.015729 0.092799 -0.128299
v 0.006604 0.036225 -0.124394
v 0.014532 0.038231 -0.123732
v 0.020097 0.041023 -0.122829
v 0.001375 0.093692 -0.130200
v 0.004189 0.094920 -0.129916
v 0.026628 0.092757 -0.107761
v 0.023488 0.094762 -0.107814
v 0.037579 0.076902 -0.106176
v 0.038178 0.065583 -0.105241
v 0.030366 0.089922 -0.107489
v 0.031069 0.046095 -0.106659
v 0.026544 0.043659 -0.105651
v 0.009040 0.099088 -0.108234
v 0.012842 0.099099 -0.108160
v 0.019835 0.096274 -0.107635
v 0.007780 0.037632 -0.107205
v 0.015697 0.039113 -0.106670
v 0.022281 0.040540 -0.105945
v 0.001522 0.096737 -0.108990
v 0.005260 0.098206 -0.108507
v 0.026050 0.089135 -0.086751
v 0.022606 0.091287 -0.086898
v 0.037821 0.073763 -0.085018
v 0.036824 0.064523 -0.084703
v 0.030093 0.086006 -0.086415
v 0.031290 0.046232 -0.086384
v 0.029138 0.035857 -0.084483
v 0.008757 0.095119 -0.087213
v 0.012379 0.095077 -0.087087
v 0.019047 0.092484 -0.086572
v 0.008652 0.019740 -0.071778
v 0.017923 0.023656 -0.074697
v 0.025746 0.028602 -0.078424
v 0.001680 0.093461 -0.088715
v 0.005260 0.094500 -0.087580
v 0.022701 0.078887 -0.068880
v 0.019026 0.080409 -0.069405
v 0.033841 0.068250 -0.066465
v 0.032392 0.062370 -0.064186
v 0.026848 0.076671 -0.068135
v 0.022575 0.049634 -0.063231
v 0.021798 0.040593 -0.063315
v 0.007213 0.083045 -0.070192
v 0.009796 0.083013 -0.070098
v 0.015330 0.080966 -0.070623
v 0.006814 0.027993 -0.064554
v 0.011855 0.030314 -0.063861
v 0.017462 0.034388 -0.064050
v 0.001774 0.081858 -0.071158
v 0.003969 0.082561 -0.070508
v 0.015876 0.065709 -0.059976
v 0.014816 0.067904 -0.059703
v 0.023971 0.062864 -0.058821
v 0.022260 0.059178 -0.059209
v 0.017514 0.065016 -0.059766
v 0.017483 0.054306 -0.059797
v 0.015718 0.052406 -0.060207
v 0.005470 0.068639 -0.059766
v 0.007697 0.067001 -0.060081
v 0.011980 0.068628 -0.059577
v 0.004672 0.049161 -0.060312
v 0.008652 0.050379 -0.060774
v 0.012946 0.050673 -0.059808
v 0.001827 0.066570 -0.061687
v 0.003308 0.068355 -0.059966
v 0.029557 0.064512 -0.149761
v 0.032182 0.058212 -0.146685
v 0.027132 0.172725 -0.153079
v 0.037180 0.169890 -0.147294
v 0.047386 0.165974 -0.140585
v 0.055786 0.160766 -0.132510
v 0.067736 0.138128 -0.109399
v 0.069478 0.129381 -0.105368
v 0.065320 0.146559 -0.115437
v 0.061540 0.153962 -0.123743
v 0.020191 0.044352 -0.151210
v 0.013566 0.041706 -0.154087
v 0.005638 0.040015 -0.155757
v 0.031773 0.055241 -0.146244
v 0.006699 0.012390 -0.140805
v 0.015152 0.014374 -0.138401
v 0.013744 0.037958 -0.153709
v 0.028276 0.049970 -0.147409
v 0.024927 0.047386 -0.149300
v 0.006132 0.036173 -0.156093
v 0.020380 0.040456 -0.150087
v 0.058296 0.063105 -0.110176
v 0.063074 0.071001 -0.102858
v 0.053455 0.048374 -0.109452
v 0.060154 0.072313 -0.063714
v 0.058033 0.055556 -0.082036
v 0.053791 0.046378 -0.090961
v 0.049822 0.040121 -0.098532
v 0.046504 0.035490 -0.105126
v 0.037359 0.026229 -0.116634
v 0.006195 0.012338 -0.135103
v 0.051282 0.052836 -0.065646
v 0.014458 0.014248 -0.132069
v 0.053120 0.058286 -0.056322
v 0.047135 0.046504 -0.062087
v 0.049077 0.050201 -0.053182
v 0.042724 0.035049 -0.057025
v 0.046315 0.039596 -0.049129
v 0.042745 0.020790 -0.050830
v 0.045455 0.026092 -0.043796
v 0.044016 0.004841 -0.043260
v 0.045433 0.007581 -0.035553
v 0.045255 0.040215 -0.081501
v 0.048626 0.046232 -0.074162
v 0.040498 0.035721 -0.074844
v 0.044016 0.040320 -0.069142
v 0.035868 0.027689 -0.066916
v 0.039291 0.032309 -0.061530
v 0.035206 0.013955 -0.060238
v 0.039816 0.017136 -0.056836
v 0.041423 0.001764 -0.050201
v 0.042010 0.035763 -0.087801
v 0.030807 0.011130 -0.062884
v 0.005901 0.013062 -0.118902
v 0.012999 0.015425 -0.115258
v 0.032918 0.024853 -0.103267
v 0.005460 0.013556 -0.106155
v 0.011581 0.015088 -0.103383
v 0.028423 0.023793 -0.092557
v 0.003969 0.012023 -0.089124
v 0.008557 0.012873 -0.087517
v 0.022722 0.016233 -0.079632
v 0.003003 0.002404 -0.078193
v 0.016054 0.003843 -0.073878
v 0.006856 0.002772 -0.077018
v 0.020202 0.005449 -0.070990
v 0.011529 0.003014 -0.075957
v 0.051250 0.055010 -0.041013
v 0.049087 0.044940 -0.037873
v 0.047071 0.031689 -0.034104
v 0.047061 0.011854 -0.026533
v 0.051040 0.058222 -0.026911
v 0.049014 0.048153 -0.024570
v 0.046672 0.035427 -0.022354
v 0.048447 0.016905 -0.016223
v 0.048426 0.059840 -0.012327
v 0.047260 0.050295 -0.010783
v 0.047218 0.038115 -0.008820
v 0.048195 0.020864 -0.005166
v 0.051418 0.002562 0.000126
v 0.044782 0.060900 0.000746
v 0.044289 0.052164 0.001407
v 0.043837 0.040236 0.002646
v 0.044278 0.024350 0.004809
v 0.046830 0.005565 0.008893
v 0.037412 0.062202 0.008988
v 0.036487 0.053718 0.008925
v 0.036046 0.041790 0.009324
v 0.036099 0.025368 0.011046
v 0.036256 0.005880 0.015099
v 0.026187 0.063924 0.013199
v 0.025126 0.055419 0.011980
v 0.024559 0.044006 0.011539
v 0.024801 0.027080 0.012957
v 0.026187 0.006006 0.017640
v 0.073710 0.105872 -0.076513
v 0.077721 0.152439 -0.043732
v 0.056784 0.217014 -0.006342
v 0.046651 0.227272 -0.000357
v 0.076786 0.176600 -0.030839
v 0.072324 0.189777 -0.023320
v 0.076954 0.142506 -0.047701
v 0.070402 0.082709 -0.071683
v 0.073615 0.118135 -0.083265
v 0.073311 0.106628 -0.081669
v 0.069961 0.083590 -0.080104
v 0.073122 0.130673 -0.085659
v 0.071904 0.143892 -0.090079
v 0.077091 0.146160 -0.055094
v 0.076419 0.139010 -0.041926
v 0.074214 0.131597 -0.036561
v 0.068124 0.109547 -0.035700
v 0.069930 0.115962 -0.034860
v 0.067042 0.215859 -0.039532
v 0.045801 0.242308 -0.032949
v 0.057162 0.230570 -0.036015
v 0.040488 0.239337 -0.097020
v 0.059178 0.075768 -0.054211
v 0.053581 0.063231 -0.044667
v 0.053592 0.068040 -0.029914
v 0.050054 0.067788 -0.012842
v 0.044971 0.068061 0.000252
v 0.036750 0.069279 0.009649
v 0.026649 0.070529 0.013965
v 0.037306 0.027940 -0.121380
v 0.048100 0.038273 -0.110240
v 0.052552 0.044037 -0.103855
v 0.056469 0.050001 -0.095435
v 0.060858 0.059084 -0.086740
v 0.035858 0.160702 -0.149226
v 0.030576 0.046494 -0.145204
v 0.026071 0.043365 -0.147357
v 0.003927 0.099866 -0.172557
v 0.030954 0.072639 -0.149961
v 0.056196 0.109924 -0.134484
v 0.059115 0.106428 -0.131302
v 0.051030 0.115563 -0.137938
v 0.053476 0.118923 -0.135482
v 0.049413 0.109693 -0.140532
v 0.053340 0.113011 -0.136563
v 0.017619 0.108465 -0.152785
v 0.043155 0.107909 -0.145635
v 0.012348 0.119175 -0.151358
v 0.066360 0.080283 -0.098007
v 0.063756 0.068303 -0.073153
v 0.066822 0.070549 -0.080577
v 0.022659 0.017346 -0.127785
v 0.023425 0.019026 -0.136825
v 0.047901 0.041821 -0.115511
v 0.030524 0.024454 -0.131113
v 0.036971 0.029841 -0.125454
v 0.015456 0.014973 -0.141256
v 0.006814 0.013093 -0.143356
v 0.030660 0.021808 -0.122125
v 0.023352 0.018102 -0.133308
v 0.030933 0.022974 -0.127239
v 0.027499 0.021819 -0.107509
v 0.023887 0.021252 -0.096264
v 0.018060 0.017966 -0.100044
v 0.020654 0.018490 -0.111636
v 0.039364 0.032140 -0.093481
v 0.027688 0.009419 -0.065111
v 0.068512 0.081176 -0.062496
v 0.059188 0.080272 -0.046672
v 0.063431 0.101829 -0.031521
v 0.058054 0.100296 -0.014417
v 0.053644 0.099614 -0.003297
v 0.047649 0.100107 0.007665
v 0.039679 0.100349 0.016485
v 0.029936 0.099131 0.022460
v 0.065656 0.109284 -0.029074
v 0.060102 0.110660 -0.011707
v 0.055713 0.111373 -0.000588
v 0.049371 0.112455 0.010605
v 0.041496 0.113274 0.020002
v 0.032329 0.112938 0.027226
v 0.068281 0.117138 -0.027783
v 0.063336 0.122063 -0.007843
v 0.058233 0.124121 0.003097
v 0.051555 0.125979 0.014154
v 0.043554 0.127544 0.024213
v 0.034283 0.127932 0.031825
v 0.073773 0.136699 -0.030051
v 0.068387 0.146276 -0.007655
v 0.062905 0.151242 0.004746
v 0.055471 0.155558 0.016075
v 0.046914 0.159044 0.027132
v 0.037212 0.161837 0.034598
v 0.076545 0.147053 -0.035921
v 0.074413 0.167118 -0.019057
v 0.069457 0.177965 -0.008883
v 0.062864 0.188685 0.002068
v 0.053802 0.198933 0.014511
v 0.042504 0.205905 0.021126
v 0.043344 0.245826 -0.069762
v 0.055996 0.234454 -0.067872
v 0.053854 0.230380 -0.092389
v 0.067904 0.186952 -0.106081
v 0.066423 0.219660 -0.065289
v 0.074266 0.202419 -0.062380
v 0.058894 0.198744 -0.116330
v 0.074203 0.199552 -0.042766
v 0.078151 0.183676 -0.046494
v 0.078005 0.156387 -0.053046
v 0.046462 0.207113 -0.125475
v 0.032833 0.212919 -0.132825
v 0.016747 0.204529 -0.145036
v 0.006468 0.205810 -0.146065
v 0.072660 0.200718 -0.078414
v 0.064911 0.217214 -0.085753
v 0.077773 0.185304 -0.060732
v 0.076713 0.184527 -0.072859
v 0.005775 0.012180 -0.127953
v 0.013755 0.014343 -0.124646
v 0.056301 0.069899 -0.049906
v 0.021567 0.017493 -0.120771
v 0.029484 0.021409 -0.115584
v 0.035595 0.025347 -0.110554
v 0.056763 0.064985 -0.059892
v 0.056637 0.059262 -0.069132
v 0.053539 0.050841 -0.077973
v 0.046179 0.038084 -0.093492
v 0.042914 0.033705 -0.099771
v 0.049749 0.043470 -0.086331
v 0.056721 0.074939 -0.040278
v 0.061457 0.100527 -0.024118
v 0.063966 0.109872 -0.020685
v 0.067295 0.119112 -0.018155
v 0.072660 0.141750 -0.019782
v 0.076797 0.156544 -0.028329
v 0.078970 0.168525 -0.050494
v 0.062738 0.211124 -0.100506
v 0.071074 0.196739 -0.090720
v 0.075831 0.182165 -0.082803
v 0.050935 0.222369 -0.109358
v 0.006836 0.217760 -0.138033
v 0.037117 0.229310 -0.115710
v 0.005670 0.066675 0.014217
v 0.005145 0.057803 0.012222
v 0.009881 0.233615 -0.122020
v 0.015718 0.211953 0.026617
v 0.013230 0.165711 0.040656
v 0.005869 0.073836 0.015487
v 0.015950 0.254846 -0.072723
v 0.018343 0.252787 -0.032267
v 0.012169 0.127145 0.038987
v 0.010710 0.111867 0.033653
v 0.008001 0.098805 0.026628
v 0.012558 0.246477 -0.101829
v 0.004987 0.028907 0.011140
v 0.004841 0.045833 0.009985
v 0.007171 0.006510 0.017315
v 0.037317 0.031763 -0.079874
v 0.034618 0.029211 -0.084273
v 0.032109 0.023205 -0.069594
v 0.028886 0.020622 -0.073206
v 0.018532 0.014784 -0.082225
v 0.013891 0.013640 -0.085439
v 0.015529 0.065741 0.013902
v 0.016664 0.006867 0.020234
v 0.025053 0.244514 -0.100884
v 0.015950 0.072461 0.015078
v 0.018837 0.099110 0.025788
v 0.014406 0.044835 0.011529
v 0.025504 0.164084 0.038902
v 0.023783 0.127333 0.037180
v 0.021945 0.112266 0.032025
v 0.029295 0.209989 0.025221
v 0.031699 0.249302 -0.032099
v 0.014563 0.027636 0.012673
v 0.028434 0.252441 -0.072229
v 0.014794 0.057047 0.012390
v 0.021598 0.232207 -0.120435
v 0.036614 0.134589 -0.145845
v 0.032697 0.134568 -0.146716
v 0.039963 0.133854 -0.144480
v 0.042703 0.132920 -0.142821
v 0.044499 0.132174 -0.141498
v 0.045118 0.131313 -0.141088
v 0.045570 0.130526 -0.140794
v 0.045675 0.129937 -0.140585
v 0.045591 0.129465 -0.140553
v 0.045318 0.128625 -0.140826
v 0.044121 0.127848 -0.141876
v 0.042094 0.126819 -0.143293
v 0.039973 0.125926 -0.144396
v 0.036719 0.125244 -0.145708
v 0.032644 0.125108 -0.146244
v 0.028980 0.125391 -0.145729
v 0.025599 0.125958 -0.144900
v 0.022869 0.126746 -0.143598
v 0.028560 0.133802 -0.146580
v 0.024706 0.132269 -0.145404
v 0.023037 0.130746 -0.144385
v 0.021913 0.129276 -0.143818
v 0.021315 0.128636 -0.143745
v 0.021315 0.127922 -0.143587
v 0.022134 0.127313 -0.143430
v 0.022460 0.130021 -0.144102
v 0.036834 0.133928 -0.142978
v 0.032980 0.133875 -0.143640
v 0.040383 0.133445 -0.141981
v 0.042693 0.133035 -0.140689
v 0.044278 0.132132 -0.139409
v 0.044940 0.131449 -0.138789
v 0.045381 0.130652 -0.138117
v 0.045517 0.129959 -0.137645
v 0.045549 0.129318 -0.137350
v 0.045643 0.128814 -0.137308
v 0.044667 0.127701 -0.138463
v 0.042179 0.126693 -0.140301
v 0.039973 0.126200 -0.141351
v 0.037044 0.125664 -0.142317
v 0.032581 0.125653 -0.142916
v 0.029127 0.125864 -0.142516
v 0.025242 0.126483 -0.141446
v 0.023331 0.126788 -0.140921
v 0.028413 0.133182 -0.143398
v 0.024717 0.132174 -0.142527
v 0.022869 0.131124 -0.141540
v 0.022008 0.129434 -0.141351
v 0.021504 0.128667 -0.141298
v 0.021378 0.128257 -0.141288
v 0.021850 0.127575 -0.141173
v 0.022533 0.130242 -0.141341
v 0.036876 0.139104 -0.143231
v 0.032413 0.139135 -0.143955
v 0.040583 0.138117 -0.142044
v 0.043271 0.136731 -0.140732
v 0.045129 0.135104 -0.139545
v 0.046273 0.133539 -0.138694
v 0.046998 0.131996 -0.138033
v 0.047386 0.130526 -0.137602
v 0.047502 0.129087 -0.137434
v 0.047355 0.127732 -0.137550
v 0.046021 0.125013 -0.138904
v 0.044100 0.123060 -0.140385
v 0.041359 0.121275 -0.141813
v 0.037327 0.119889 -0.143104
v 0.031689 0.119511 -0.143724
v 0.027268 0.120214 -0.143252
v 0.024087 0.121349 -0.142317
v 0.020821 0.123501 -0.140753
v 0.027636 0.137970 -0.143892
v 0.023657 0.135901 -0.143010
v 0.021053 0.133644 -0.141834
v 0.018837 0.129927 -0.139923
v 0.018532 0.128426 -0.139345
v 0.018648 0.127018 -0.139366
v 0.019299 0.125349 -0.139786
v 0.019603 0.131628 -0.140815
v 0.036876 0.142821 -0.139293
v 0.031962 0.143094 -0.139954
v 0.040898 0.141414 -0.138295
v 0.043890 0.139440 -0.137193
v 0.045958 0.137267 -0.136143
v 0.047292 0.135135 -0.135292
v 0.048111 0.133077 -0.134631
v 0.048541 0.131082 -0.134190
v 0.048657 0.129077 -0.134022
v 0.048479 0.127166 -0.134137
v 0.047197 0.123490 -0.135188
v 0.045412 0.120886 -0.136300
v 0.042441 0.118262 -0.137550
v 0.037831 0.116130 -0.138778
v 0.031574 0.115479 -0.139398
v 0.026502 0.116550 -0.139093
v 0.023194 0.118178 -0.138442
v 0.019572 0.121475 -0.137350
v 0.026722 0.141803 -0.140017
v 0.022302 0.139125 -0.139430
v 0.019415 0.135965 -0.138516
v 0.017220 0.130589 -0.137277
v 0.017063 0.128468 -0.137088
v 0.017272 0.126420 -0.136878
v 0.018028 0.124068 -0.136846
v 0.017882 0.133056 -0.137676
v 0.036582 0.144890 -0.135072
v 0.031542 0.145278 -0.135534
v 0.040730 0.143336 -0.134369
v 0.043859 0.141141 -0.133539
v 0.046074 0.138705 -0.132710
v 0.047533 0.136248 -0.131985
v 0.048447 0.133854 -0.131387
v 0.048930 0.131471 -0.130977
v 0.049056 0.129077 -0.130788
v 0.048846 0.126788 -0.130820
v 0.047544 0.122598 -0.131460
v 0.045780 0.119700 -0.132195
v 0.042724 0.116686 -0.133119
v 0.037915 0.114188 -0.134064
v 0.031405 0.113410 -0.134683
v 0.026197 0.114629 -0.134683
v 0.022848 0.116445 -0.134410
v 0.018995 0.120256 -0.133907
v 0.026208 0.144008 -0.135618
v 0.021630 0.141162 -0.135314
v 0.018564 0.137581 -0.134799
v 0.016244 0.131176 -0.133948
v 0.016128 0.128614 -0.133718
v 0.016422 0.126158 -0.133612
v 0.017293 0.123323 -0.133686
v 0.016926 0.134137 -0.134316
v 0.036162 0.145635 -0.131743
v 0.031237 0.145992 -0.132038
v 0.040288 0.144113 -0.131250
v 0.043459 0.141918 -0.130652
v 0.045748 0.139430 -0.130011
v 0.047302 0.136857 -0.129423
v 0.048279 0.134295 -0.128919
v 0.048804 0.131712 -0.128551
v 0.048930 0.129097 -0.128341
v 0.048688 0.126641 -0.128299
v 0.047334 0.122293 -0.128636
v 0.045570 0.119343 -0.129077
v 0.042525 0.116256 -0.129696
v 0.037716 0.113683 -0.130400
v 0.031248 0.112875 -0.131019
v 0.026135 0.114072 -0.131271
v 0.022848 0.115868 -0.131281
v 0.018911 0.119763 -0.131187
v 0.026061 0.144753 -0.132122
v 0.021577 0.142002 -0.131996
v 0.018459 0.138432 -0.131785
v 0.015939 0.131639 -0.131408
v 0.015803 0.128825 -0.131281
v 0.016128 0.126116 -0.131197
v 0.017084 0.123029 -0.131166
v 0.016705 0.134841 -0.131576
v 0.035731 0.145730 -0.129150
v 0.015803 0.129087 -0.129328
v 0.039774 0.144312 -0.128825
v 0.018679 0.138820 -0.129423
v 0.045276 0.139744 -0.127921
v 0.046883 0.137162 -0.127470
v 0.048468 0.131890 -0.126714
v 0.048594 0.129192 -0.126494
v 0.026082 0.114166 -0.128688
v 0.046956 0.122357 -0.126504
v 0.045202 0.119459 -0.126714
v 0.042179 0.116393 -0.127081
v 0.037412 0.113841 -0.127596
v 0.031069 0.113011 -0.128226
v 0.048331 0.126683 -0.126409
v 0.022890 0.115888 -0.128909
v 0.018974 0.119731 -0.129056
v 0.047911 0.134547 -0.127060
v 0.021767 0.142222 -0.129444
v 0.026050 0.144816 -0.129433
v 0.042945 0.142202 -0.128394
v 0.016002 0.132027 -0.129370
v 0.030985 0.146013 -0.129350
v 0.016128 0.126242 -0.129266
v 0.017104 0.123049 -0.129150
v 0.016852 0.135292 -0.129402
v 0.035301 0.145467 -0.126808
v 0.016033 0.129381 -0.127470
v 0.039197 0.144186 -0.126599
v 0.019099 0.138947 -0.127260
v 0.044667 0.139829 -0.125979
v 0.046315 0.137309 -0.125654
v 0.047943 0.132080 -0.125002
v 0.048079 0.129370 -0.124750
v 0.026040 0.114649 -0.126294
v 0.046431 0.122682 -0.124530
v 0.044688 0.119868 -0.124530
v 0.041695 0.116876 -0.124687
v 0.037023 0.114398 -0.125045
v 0.030870 0.113579 -0.125674
v 0.047817 0.126872 -0.124635
v 0.022953 0.116277 -0.126703
v 0.019141 0.119994 -0.127050
v 0.047365 0.134736 -0.125317
v 0.022071 0.142096 -0.127155
v 0.026124 0.144501 -0.127019
v 0.042315 0.142212 -0.126305
v 0.016296 0.132353 -0.127428
v 0.030776 0.145666 -0.126914
v 0.016306 0.126504 -0.127407
v 0.017272 0.123312 -0.127228
v 0.017241 0.135587 -0.127344
v 0.034860 0.144795 -0.124383
v 0.016569 0.129686 -0.125317
v 0.038493 0.143693 -0.124257
v 0.019771 0.138810 -0.124929
v 0.043817 0.139660 -0.123816
v 0.045465 0.137267 -0.123627
v 0.047071 0.132279 -0.123028
v 0.047197 0.129623 -0.122756
v 0.026124 0.115584 -0.123711
v 0.045602 0.123249 -0.122367
v 0.043869 0.120603 -0.122188
v 0.040940 0.117758 -0.122188
v 0.036508 0.115447 -0.122419
v 0.030734 0.114649 -0.122997
v 0.046956 0.127197 -0.122629
v 0.023173 0.117054 -0.124267
v 0.019519 0.120571 -0.124761
v 0.046515 0.134831 -0.123365
v 0.022554 0.141624 -0.124740
v 0.026313 0.143787 -0.124519
v 0.041475 0.141897 -0.124036
v 0.016915 0.132573 -0.125202
v 0.030649 0.144890 -0.124404
v 0.016789 0.126903 -0.125254
v 0.017724 0.123805 -0.125002
v 0.017934 0.135691 -0.125055
v 0.034419 0.143399 -0.121516
v 0.017839 0.129990 -0.122378
v 0.037590 0.142506 -0.121443
v 0.021042 0.138233 -0.121989
v 0.042441 0.138957 -0.121107
v 0.044016 0.136847 -0.121013
v 0.045455 0.132342 -0.120466
v 0.045559 0.129885 -0.120204
v 0.026638 0.117264 -0.120655
v 0.044089 0.124152 -0.119784
v 0.042431 0.121832 -0.119511
v 0.039732 0.119322 -0.119416
v 0.035826 0.117306 -0.119564
v 0.030776 0.116571 -0.119994
v 0.045360 0.127659 -0.120099
v 0.023908 0.118472 -0.121254
v 0.020559 0.121622 -0.121747
v 0.044982 0.134673 -0.120803
v 0.023530 0.140616 -0.121810
v 0.026859 0.142433 -0.121558
v 0.040257 0.140952 -0.121254
v 0.018270 0.132647 -0.122230
v 0.030712 0.143409 -0.121474
v 0.018007 0.127449 -0.122315
v 0.018890 0.124604 -0.122010
v 0.019320 0.135492 -0.122073
v 0.035469 0.125170 -0.114607
v 0.034713 0.124015 -0.114849
v 0.033988 0.122945 -0.115164
v 0.031889 0.122619 -0.115237
v 0.036246 0.128468 -0.114240
v 0.030124 0.124089 -0.114817
v 0.028959 0.125906 -0.114513
v 0.036026 0.132888 -0.114513
v 0.029767 0.136416 -0.115511
v 0.030807 0.137288 -0.115794
v 0.034535 0.136500 -0.115468
v 0.027867 0.132311 -0.114639
v 0.031762 0.138044 -0.116151
v 0.027699 0.129171 -0.114439
v 0.028182 0.127523 -0.114418
v 0.028339 0.133875 -0.114880
v 0.036277 0.127249 -0.114366
v 0.029568 0.124855 -0.114660
v 0.024612 0.121947 -0.117768
v 0.041821 0.126819 -0.116928
v 0.022439 0.134747 -0.118167
v 0.021955 0.125874 -0.117957
v 0.021168 0.128195 -0.118198
v 0.031132 0.140721 -0.118198
v 0.021493 0.132457 -0.118198
v 0.038157 0.138873 -0.117925
v 0.028287 0.139944 -0.118146
v 0.025767 0.138642 -0.118209
v 0.041884 0.133949 -0.117463
v 0.023320 0.123459 -0.117821
v 0.025988 0.120992 -0.117600
v 0.042147 0.128237 -0.116949
v 0.031195 0.119700 -0.116981
v 0.034954 0.120278 -0.116750
v 0.037747 0.121810 -0.116613
v 0.039795 0.123701 -0.116634
v 0.041139 0.125444 -0.116812
v 0.028130 0.120162 -0.117285
v 0.042273 0.130053 -0.117002
v 0.042210 0.132058 -0.117201
v 0.024034 0.007329 -0.067694
v 0.026229 0.018333 -0.075978
v 0.031878 0.026324 -0.088368
v 0.036624 0.028476 -0.098322
v 0.039585 0.029799 -0.105241
v 0.042263 0.030901 -0.110901
v 0.043144 0.032960 -0.115846
v 0.042514 0.035553 -0.120225
v 0.033537 0.049560 -0.143861
v 0.030387 0.052773 -0.146590
v 0.029348 0.054044 -0.147346
v 0.026901 0.056606 -0.148733
v 0.026208 0.057288 -0.148827
v 0.025767 0.057750 -0.149037
v 0.025357 0.058107 -0.149205
v 0.025074 0.058380 -0.148848
v 0.024853 0.058601 -0.147998
v 0.024958 0.058789 -0.146391
v 0.025672 0.058853 -0.144123
v 0.025483 0.058118 -0.142643
v 0.025704 0.056963 -0.141614
v 0.025956 0.056280 -0.140585
v 0.026796 0.055199 -0.138222
v 0.029232 0.054768 -0.133024
v 0.031437 0.055020 -0.122199
v 0.034618 0.055839 -0.105956
v 0.033159 0.056018 -0.085501
v 0.027478 0.056133 -0.062948
v 0.019866 0.056742 -0.059503
v 0.020737 0.063945 -0.059293
v 0.030345 0.072461 -0.067305
v 0.033957 0.079884 -0.085722
v 0.033967 0.083412 -0.106827
v 0.029505 0.080210 -0.125307
v 0.027237 0.075705 -0.136353
v 0.024843 0.071106 -0.141761
v 0.024003 0.067431 -0.143651
v 0.023877 0.064396 -0.144375
v 0.023961 0.061488 -0.144826
v 0.024192 0.060028 -0.146548
v 0.024307 0.059378 -0.148145
v 0.024685 0.059010 -0.149247
v 0.025190 0.058926 -0.149761
v 0.025651 0.058968 -0.149866
v 0.026145 0.059000 -0.149751
v 0.027037 0.059178 -0.149646
v 0.027846 0.059304 -0.149310
v 0.030061 0.060617 -0.148491
v 0.031469 0.061278 -0.147787
v 0.067956 0.129360 -0.111059
v 0.066171 0.136931 -0.114471
v 0.063567 0.144270 -0.120141
v 0.059997 0.150938 -0.127396
v 0.054054 0.157101 -0.134893
v 0.046032 0.161690 -0.142264
v 0.036351 0.164997 -0.148627
v 0.026302 0.167349 -0.153762
v 0.016233 0.168557 -0.157804
v 0.006405 0.168819 -0.159747
v 0.032508 0.135177 -0.148334
v 0.036466 0.135272 -0.147808
v 0.040152 0.134736 -0.147053
v 0.043081 0.133791 -0.145835
v 0.045097 0.132752 -0.144701
v 0.046116 0.131775 -0.143745
v 0.046599 0.131019 -0.142926
v 0.046704 0.130190 -0.142275
v 0.046494 0.129423 -0.142159
v 0.046074 0.128656 -0.142254
v 0.044625 0.127239 -0.143293
v 0.043113 0.126126 -0.144281
v 0.041002 0.125170 -0.145509
v 0.036981 0.124425 -0.147010
v 0.032644 0.124299 -0.147294
v 0.028749 0.124604 -0.146821
v 0.025011 0.125192 -0.146160
v 0.021126 0.126074 -0.145121
v 0.028361 0.134348 -0.147798
v 0.024497 0.132972 -0.146758
v 0.021703 0.131292 -0.146653
v 0.018784 0.129423 -0.146737
v 0.018028 0.128720 -0.145792
v 0.017892 0.127848 -0.145131
v 0.018438 0.127029 -0.145068
v 0.019940 0.130200 -0.146632
v 0.016306 0.126052 -0.146464
v 0.023279 0.135376 -0.147756
v 0.019971 0.133245 -0.147473
v 0.041118 0.137340 -0.145519
v 0.047712 0.134179 -0.142202
v 0.049119 0.132710 -0.140847
v 0.049696 0.131387 -0.139818
v 0.049843 0.130116 -0.139272
v 0.049780 0.128772 -0.139135
v 0.047554 0.124173 -0.140112
v 0.049361 0.127271 -0.138842
v 0.038241 0.120088 -0.145341
v 0.042388 0.121086 -0.143398
v 0.033369 0.119910 -0.146653
v 0.028056 0.120393 -0.146790
v 0.018522 0.123984 -0.145456
v 0.023572 0.121537 -0.146307
v 0.045465 0.122535 -0.141970
v 0.018039 0.131628 -0.147346
v 0.015960 0.127533 -0.147231
v 0.016863 0.130158 -0.147420
v 0.016191 0.128867 -0.147473
v 0.027583 0.137078 -0.147808
v 0.036739 0.138096 -0.147210
v 0.032267 0.138002 -0.147882
v 0.044982 0.135912 -0.143976
v 0.036635 0.094700 -0.149667
v 0.009964 0.093818 -0.171371
v 0.018155 0.088662 -0.156345
v 0.003507 0.093702 -0.175518
v 0.006804 0.093870 -0.174153
v 0.016999 0.091245 -0.161154
v 0.017986 0.089596 -0.158445
v 0.012768 0.093481 -0.168546
v 0.022428 0.105494 -0.152019
v 0.029715 0.101157 -0.152155
v 0.035070 0.103898 -0.150286
v 0.025462 0.108087 -0.151378
v 0.003644 0.114555 -0.162613
v 0.006751 0.113064 -0.160870
v 0.052216 0.093964 -0.138285
v 0.057718 0.097871 -0.132688
v 0.024927 0.090604 -0.152785
v 0.028812 0.084840 -0.151526
v 0.017955 0.092599 -0.156250
v 0.007077 0.099487 -0.170940
v 0.001942 0.076114 -0.164325
v 0.009335 0.077311 -0.161185
v 0.003927 0.076587 -0.163726
v 0.023961 0.083423 -0.153164
v 0.047439 0.126535 -0.140448
v 0.046263 0.127355 -0.141697
v 0.045097 0.128226 -0.142936
v 0.022260 0.124793 -0.145687
v 0.023289 0.126210 -0.145341
v 0.021703 0.123858 -0.145729
v 0.019435 0.121191 -0.145835
v 0.050232 0.124887 -0.137813
v 0.018302 0.119469 -0.147735
v 0.052448 0.123596 -0.136343
v 0.019099 0.111079 -0.151021
v 0.057403 0.120057 -0.131460
v 0.014301 0.100170 -0.158392
v 0.060512 0.118031 -0.128625
v 0.011025 0.117506 -0.153531
v 0.063074 0.115752 -0.125076
v 0.071358 0.099341 -0.092474
v 0.014668 0.098343 -0.161207
v 0.014899 0.096484 -0.162981
v 0.014889 0.090867 -0.165217
v 0.015183 0.094636 -0.164136
v 0.072702 0.094784 -0.074634
v 0.072146 0.095435 -0.080619
v 0.054841 0.121979 -0.133959
v 0.014731 0.114072 -0.151903
v 0.044804 0.128226 -0.141341
v 0.023835 0.126389 -0.144133
v 0.045150 0.128257 -0.137886
v 0.024077 0.126630 -0.141067
v 0.046893 0.126462 -0.138064
v 0.022291 0.122315 -0.141519
v 0.048048 0.125454 -0.134505
v 0.021220 0.119669 -0.137875
v 0.048384 0.124803 -0.131040
v 0.020790 0.118146 -0.134137
v 0.048195 0.124551 -0.128405
v 0.020790 0.117579 -0.131240
v 0.047828 0.124583 -0.126420
v 0.020863 0.117558 -0.129003
v 0.047302 0.124824 -0.124572
v 0.020989 0.117873 -0.126914
v 0.046462 0.125265 -0.122524
v 0.021294 0.118524 -0.124572
v 0.044919 0.125926 -0.120005
v 0.022176 0.119742 -0.121590
v 0.041128 0.135681 -0.117653
v 0.039858 0.137340 -0.117768
v 0.023824 0.136878 -0.118219
v 0.036193 0.140070 -0.118135
v 0.021053 0.130284 -0.118272
v 0.033936 0.140763 -0.118272
v 0.045475 0.127943 -0.142622
v 0.022880 0.125653 -0.145562
v 0.048709 0.125737 -0.139072
v 0.020695 0.122640 -0.145645
v 0.015393 0.092705 -0.164514
v 0.016989 0.117652 -0.149216
v 0.049234 0.099068 -0.141456
v 0.012831 0.077784 -0.159295
v 0.019498 0.082404 -0.154434
v 0.017220 0.078760 -0.156691
v 0.006342 0.077028 -0.162477
v 0.018448 0.088190 -0.154287
v 0.038241 0.068460 -0.144595
v 0.035616 0.073951 -0.147294
v 0.034660 0.053529 -0.144018
v 0.034944 0.057645 -0.144711
v 0.033820 0.061887 -0.146276
v 0.031552 0.065992 -0.148722
v 0.021126 0.089061 -0.153541
v 0.030250 0.092683 -0.152029
v 0.034177 0.086719 -0.149289
v 0.034156 0.067295 -0.146716
v 0.040435 0.088820 -0.146779
v 0.056658 0.083674 -0.129938
v 0.061099 0.088441 -0.123910
v 0.057781 0.077732 -0.124288
v 0.062003 0.083213 -0.117957
v 0.036750 0.062402 -0.144281
v 0.037873 0.057078 -0.142212
v 0.007098 0.029726 -0.156387
v 0.014301 0.031521 -0.153499
v 0.020895 0.034629 -0.149131
v 0.027090 0.038451 -0.145162
v 0.032277 0.042577 -0.142023
v 0.035395 0.046935 -0.140868
v 0.037180 0.051859 -0.141025
v 0.029463 0.030314 -0.139933
v 0.023079 0.024959 -0.144679
v 0.015876 0.021032 -0.149216
v 0.007969 0.019184 -0.151452
v 0.042126 0.048583 -0.132835
v 0.039028 0.041885 -0.133245
v 0.034797 0.035889 -0.135859
v 0.044131 0.063189 -0.137907
v 0.043922 0.055976 -0.134694
v 0.061457 0.102438 -0.127669
v 0.064648 0.094427 -0.118524
v 0.065499 0.089870 -0.112549
v 0.063987 0.107678 -0.123533
v 0.066875 0.100863 -0.114156
v 0.068019 0.097136 -0.108234
v 0.065320 0.113159 -0.120750
v 0.068103 0.107604 -0.111163
v 0.069363 0.104790 -0.105294
v 0.065604 0.118640 -0.119406
v 0.068659 0.114629 -0.109693
v 0.069972 0.112707 -0.103866
v 0.065436 0.124131 -0.119301
v 0.068722 0.121936 -0.109725
v 0.070182 0.120918 -0.103992
v 0.038577 0.175560 -0.145635
v 0.057939 0.164976 -0.128930
v 0.006352 0.180338 -0.156881
v 0.016800 0.180306 -0.155011
v 0.070948 0.129528 -0.099939
v 0.027384 0.178574 -0.151085
v 0.049224 0.171076 -0.138233
v 0.069247 0.139576 -0.104465
v 0.066895 0.149068 -0.110628
v 0.063661 0.157384 -0.119416
v 0.071274 0.110775 -0.097723
v 0.071652 0.120036 -0.098269
v 0.070539 0.101945 -0.098920
v 0.069153 0.093397 -0.101829
v 0.066213 0.085176 -0.105714
v 0.062727 0.077395 -0.110785
v 0.040708 0.056532 -0.139051
v 0.058359 0.070781 -0.117768
v 0.026733 0.112885 -0.149499
v 0.028381 0.033579 -0.142622
v 0.039679 0.050148 -0.137161
v 0.022050 0.029179 -0.147336
v 0.007570 0.023867 -0.154203
v 0.015403 0.025547 -0.152114
v 0.037233 0.044299 -0.137266
v 0.033432 0.038934 -0.139251
v 0.040183 0.062885 -0.141865
v 0.033978 0.111520 -0.148218
v 0.007528 0.016611 -0.149404
v 0.015813 0.018764 -0.146905
v 0.023068 0.022575 -0.142464
v 0.029631 0.027930 -0.137424
v 0.035910 0.033411 -0.132363
v 0.040740 0.039753 -0.129098
v 0.044594 0.047072 -0.127743
v 0.047828 0.055325 -0.127963
v 0.053865 0.183708 -0.129528
v 0.062758 0.175150 -0.119049
v 0.041779 0.189368 -0.138001
v 0.029337 0.193494 -0.145603
v 0.069688 0.154245 -0.100768
v 0.067610 0.164944 -0.109421
v 0.072912 0.107594 -0.087255
v 0.073111 0.118576 -0.088504
v 0.072188 0.130106 -0.090909
v 0.069888 0.086489 -0.087255
v 0.070969 0.142621 -0.094059
v 0.058138 0.055566 -0.101724
v 0.062800 0.064354 -0.093985
v 0.066559 0.074592 -0.088757
v 0.006583 0.196056 -0.151368
v 0.016474 0.195394 -0.150045
v 0.071652 0.096915 -0.087066
v 0.014059 0.120551 -0.149740
v 0.020674 0.115132 -0.149352
v 0.034335 0.108308 -0.149100
v 0.025032 0.098049 -0.152775
v 0.020034 0.102165 -0.153069
v 0.014868 0.102522 -0.156250
v 0.016075 0.105367 -0.154350
v 0.012295 0.105116 -0.158970
v 0.012883 0.108213 -0.156565
v 0.009649 0.107258 -0.161532
v 0.009891 0.110828 -0.158886
v 0.027898 0.070948 -0.151777
v 0.044982 0.157857 -0.143388
v 0.052668 0.153741 -0.136773
v 0.058401 0.148355 -0.130137
v 0.062013 0.142475 -0.123785
v 0.064501 0.136101 -0.118860
v 0.066286 0.129570 -0.115910
v 0.016054 0.163275 -0.158161
v 0.006311 0.083727 0.019225
v 0.016758 0.083548 0.018763
v 0.027961 0.082467 0.017104
v 0.037642 0.082047 0.011613
v 0.045927 0.081470 0.003843
v 0.051555 0.081575 -0.008285
v 0.055786 0.082635 -0.021010
v 0.058432 0.085943 -0.030649
v 0.060238 0.089544 -0.037769
v 0.060007 0.084326 -0.041212
v 0.057393 0.079947 -0.034975
v 0.050946 0.074687 -0.010794
v 0.045811 0.074687 0.001417
v 0.037180 0.075390 0.010342
v 0.027216 0.076513 0.015403
v 0.016443 0.078299 0.016831
v 0.006079 0.079055 0.017440
v 0.054495 0.075684 -0.025137
v 0.040992 0.075390 -0.144333
v 0.046158 0.077291 -0.140595
v 0.043102 0.069436 -0.141288
v 0.047890 0.070980 -0.136511
v 0.048584 0.063714 -0.132100
v 0.007046 0.014280 -0.146276
v 0.015529 0.016244 -0.143997
v 0.023341 0.020286 -0.139398
v 0.030261 0.025893 -0.133980
v 0.036635 0.031563 -0.128992
v 0.041916 0.037853 -0.124677
v 0.046735 0.045360 -0.121537
v 0.052332 0.055461 -0.118703
v 0.053256 0.065824 -0.124992
v 0.052899 0.073437 -0.130872
v 0.051755 0.079853 -0.135828
v 0.026302 0.110523 -0.150517
v 0.046357 0.091214 -0.143000
v 0.042010 0.097031 -0.146097
v 0.020181 0.113211 -0.150307
v 0.015803 0.115962 -0.150423
v 0.036057 0.126252 -0.114481
v 0.030944 0.123344 -0.114996
v 0.036183 0.129917 -0.114198
v 0.036131 0.131439 -0.114292
v 0.035731 0.134232 -0.114796
v 0.035196 0.135440 -0.115112
v 0.028948 0.135282 -0.115195
v 0.033894 0.137351 -0.115815
v 0.027615 0.130735 -0.114513
v 0.033327 0.138085 -0.116193
v 0.025977 0.162446 -0.154318
v 0.006562 0.163348 -0.160272
v 0.027352 0.077816 -0.151662
v 0.032445 0.079275 -0.149436
v 0.054327 0.088956 -0.133843
v 0.059567 0.093355 -0.128740
v 0.063493 0.098574 -0.123669
v 0.065677 0.104307 -0.119458
v 0.066685 0.110397 -0.116308
v 0.067063 0.116644 -0.115038
v 0.067021 0.123039 -0.114860
v 0.024118 0.076220 -0.153751
v 0.043659 0.083066 -0.143997
v 0.038104 0.081123 -0.147084
v 0.049256 0.085607 -0.139692
v 0.010689 0.072702 -0.162529
v 0.013765 0.046925 -0.156933
v 0.005628 0.045580 -0.158875
v 0.027447 0.055986 -0.148543
v 0.028508 0.059829 -0.149131
v 0.018176 0.069857 -0.158487
v 0.017619 0.073983 -0.157741
v 0.001942 0.073868 -0.164734
v 0.004294 0.074424 -0.164272
v 0.007003 0.074928 -0.163065
v 0.009975 0.075232 -0.161490
v 0.009744 0.079422 -0.152103
v 0.009681 0.073574 -0.154539
v 0.010111 0.069006 -0.154959
v 0.010542 0.064228 -0.155022
v 0.015257 0.067137 -0.162529
v 0.014952 0.066003 -0.162593
v 0.014070 0.061772 -0.161521
v 0.015099 0.068796 -0.162141
v 0.015540 0.093555 -0.087129
v 0.016338 0.097671 -0.107929
v 0.011634 0.094826 -0.128961
v 0.010584 0.087318 -0.143524
v 0.011392 0.060795 -0.156565
v 0.011487 0.059777 -0.157531
v 0.014500 0.063851 -0.161952
v 0.013524 0.059304 -0.161291
v 0.013555 0.074959 -0.159737
v 0.014259 0.071820 -0.160440
v 0.009492 0.066990 -0.060018
v 0.012589 0.081963 -0.070361
v 0.067063 0.204740 -0.015057
v 0.078393 0.163244 -0.037548
v 0.017808 0.235987 0.004725
v 0.031952 0.232817 0.003139
v 0.075537 0.135555 -0.038860
v 0.039795 0.182406 0.031427
v 0.050358 0.177902 0.023740
v 0.071484 0.156859 -0.011267
v 0.075338 0.142590 -0.032350
v 0.058968 0.171455 0.011203
v 0.066160 0.164472 -0.000136
v 0.074592 0.149310 -0.023352
v 0.014584 0.186417 0.037569
v 0.027520 0.185115 0.036078
v 0.072628 0.126273 -0.034839
v 0.066024 0.135209 -0.005890
v 0.071673 0.130326 -0.027310
v 0.044982 0.143104 0.027741
v 0.053361 0.140994 0.017451
v 0.060469 0.138254 0.005869
v 0.035280 0.144417 0.034430
v 0.070402 0.133087 -0.017136
v 0.011991 0.145467 0.040761
v 0.023919 0.144879 0.039008
v 0.072986 0.160345 -0.089722
v 0.078645 0.170236 -0.060228
v 0.077689 0.169417 -0.069405
v 0.076377 0.167244 -0.077322
v 0.073332 0.146234 -0.084735
v 0.077700 0.157280 -0.060333
v 0.077101 0.156513 -0.067231
v 0.075736 0.153972 -0.074140
v 0.074004 0.131061 -0.079527
v 0.076881 0.146801 -0.060585
v 0.076450 0.145782 -0.065824
v 0.075516 0.142926 -0.071243
v 0.065373 0.082656 -0.055251
v 0.063609 0.085932 -0.049675
v 0.066444 0.103530 -0.037559
v 0.064134 0.093219 -0.042609
v 0.063441 0.088967 -0.046095
v 0.073888 0.117275 -0.078193
v 0.074466 0.104433 -0.067504
v 0.086352 0.136238 -0.050757
v 0.075642 0.089722 -0.064344
v 0.082446 0.135849 -0.057551
v 0.089313 0.132657 -0.042619
v 0.089943 0.126367 -0.038462
v 0.085144 0.110460 -0.037359
v 0.087727 0.116571 -0.036141
v 0.078141 0.084263 -0.060102
v 0.074382 0.097073 -0.066497
v 0.089932 0.129591 -0.040456
v 0.089575 0.122430 -0.037170
v 0.074980 0.117306 -0.069048
v 0.078897 0.133571 -0.060627
v 0.076387 0.130011 -0.063809
v 0.075883 0.126389 -0.066517
v 0.078666 0.084756 -0.054579
v 0.078036 0.087129 -0.051030
v 0.082183 0.104517 -0.038923
v 0.079979 0.096243 -0.043134
v 0.078698 0.091088 -0.046567
v 0.074791 0.111227 -0.068670
v 0.076608 0.104916 -0.064985
v 0.088410 0.134327 -0.050715
v 0.076230 0.092474 -0.062853
v 0.084525 0.133686 -0.057813
v 0.091549 0.132185 -0.044205
v 0.092326 0.125003 -0.039417
v 0.087507 0.110754 -0.037800
v 0.089618 0.116235 -0.037212
v 0.077500 0.089124 -0.059535
v 0.076818 0.098784 -0.064785
v 0.092284 0.128089 -0.041191
v 0.091612 0.121307 -0.038283
v 0.075736 0.115700 -0.066202
v 0.081722 0.131890 -0.060784
v 0.079401 0.127481 -0.063210
v 0.077669 0.124236 -0.064638
v 0.078876 0.088904 -0.055545
v 0.079432 0.090205 -0.051481
v 0.085470 0.105872 -0.039155
v 0.082855 0.098532 -0.043501
v 0.080545 0.092883 -0.047974
v 0.075589 0.110533 -0.065887
v 0.078414 0.104748 -0.063252
v 0.087832 0.132951 -0.050736
v 0.076482 0.094804 -0.061645
v 0.084934 0.131617 -0.057971
v 0.090993 0.130819 -0.045255
v 0.091255 0.123900 -0.040793
v 0.088210 0.110177 -0.039217
v 0.090058 0.115878 -0.039364
v 0.077543 0.092085 -0.058800
v 0.077805 0.100401 -0.062853
v 0.091812 0.127187 -0.042199
v 0.090689 0.120088 -0.039743
v 0.076545 0.114555 -0.064354
v 0.082089 0.129024 -0.060428
v 0.079863 0.125706 -0.062349
v 0.078582 0.122556 -0.063630
v 0.078508 0.091392 -0.055398
v 0.079705 0.092326 -0.051964
v 0.086184 0.107047 -0.040561
v 0.083360 0.100117 -0.044646
v 0.081186 0.095025 -0.048573
v 0.076440 0.109966 -0.063945
v 0.075369 0.106145 -0.061110
v 0.085323 0.130116 -0.050746
v 0.072177 0.099183 -0.059986
v 0.080976 0.129675 -0.056122
v 0.086457 0.129045 -0.046620
v 0.088232 0.122672 -0.042703
v 0.085869 0.109872 -0.042619
v 0.086993 0.114555 -0.041958
v 0.077553 0.096170 -0.057792
v 0.073384 0.102512 -0.060805
v 0.090269 0.126178 -0.044299
v 0.088358 0.119123 -0.042094
v 0.077280 0.113284 -0.062380
v 0.079349 0.127754 -0.058012
v 0.078393 0.123438 -0.060407
v 0.077963 0.120288 -0.061582
v 0.078456 0.095498 -0.055177
v 0.079663 0.096432 -0.052405
v 0.084441 0.107845 -0.043029
v 0.082435 0.102669 -0.046253
v 0.080945 0.097986 -0.049728
v 0.076199 0.109693 -0.061919
v 0.072082 0.108539 -0.059136
v 0.083296 0.123963 -0.052269
v 0.072156 0.105210 -0.055891
v 0.079674 0.124184 -0.054862
v 0.086068 0.123049 -0.050505
v 0.087717 0.120351 -0.047554
v 0.085617 0.111857 -0.045685
v 0.086667 0.114041 -0.045790
v 0.073637 0.103509 -0.054369
v 0.071515 0.106764 -0.057760
v 0.087160 0.122000 -0.048982
v 0.087759 0.117621 -0.046515
v 0.076902 0.112340 -0.060249
v 0.077847 0.123228 -0.057036
v 0.077763 0.120383 -0.058317
v 0.077112 0.117222 -0.059073
v 0.076188 0.102480 -0.053193
v 0.080598 0.102060 -0.052122
v 0.085008 0.109683 -0.046263
v 0.082939 0.105084 -0.048877
v 0.081837 0.102911 -0.050694
v 0.074644 0.110261 -0.059724
v 0.078109 0.113011 -0.058107
v 0.081900 0.109662 -0.048447
v 0.083045 0.108497 -0.047922
v 0.077689 0.113831 -0.059126
v 0.074477 0.110397 -0.058359
v 0.080336 0.104968 -0.050232
v 0.081448 0.106606 -0.048688
v 0.083947 0.110449 -0.047250
v 0.077700 0.104370 -0.050999
v 0.074991 0.104769 -0.051702
v 0.077007 0.115700 -0.058065
v 0.076986 0.117957 -0.057025
v 0.079411 0.120487 -0.056469
v 0.076797 0.111920 -0.059283
v 0.086415 0.116960 -0.047922
v 0.085701 0.119805 -0.050032
v 0.072681 0.107772 -0.056185
v 0.074056 0.105431 -0.053435
v 0.085596 0.114030 -0.047145
v 0.084913 0.112256 -0.047113
v 0.086258 0.118723 -0.048919
v 0.084872 0.120571 -0.051408
v 0.006720 0.089387 0.021409
v 0.017084 0.089744 0.021031
v 0.028413 0.089680 0.018942
v 0.060469 0.204760 -0.109379
v 0.048121 0.214431 -0.118629
v 0.038283 0.090027 0.013681
v 0.069436 0.192129 -0.099162
v 0.074035 0.178343 -0.090373
v 0.046536 0.089712 0.005334
v 0.034660 0.220878 -0.125349
v 0.008358 0.226453 -0.131008
v 0.052363 0.090101 -0.005943
v 0.059829 0.092904 -0.027048
v 0.061603 0.095435 -0.034219
v 0.019404 0.224343 -0.129601
v 0.056616 0.090657 -0.018270
v 0.074875 0.163926 -0.083843
v 0.074497 0.150423 -0.079537
v 0.074634 0.138401 -0.075526
v 0.065268 0.098270 -0.039763
v 0.075274 0.122335 -0.068239
v 0.081081 0.100380 -0.041023
v 0.076450 0.120267 -0.065856
v 0.084157 0.102196 -0.041328
v 0.077364 0.118755 -0.064323
v 0.084651 0.103152 -0.042808
v 0.077910 0.116876 -0.062349
v 0.083422 0.104979 -0.044667
v 0.077679 0.114744 -0.060028
v 0.084011 0.107404 -0.047344
v 0.081973 0.121411 -0.055167
v 0.073080 0.106439 -0.054873
v 0.083853 0.121023 -0.052972
v 0.072723 0.109126 -0.057267
v 0.080797 0.127229 -0.055419
v 0.074938 0.110030 -0.060753
v 0.071935 0.107709 -0.060354
v 0.082981 0.103751 -0.048079
v 0.081312 0.100013 -0.050306
v 0.077879 0.121590 -0.059010
v 0.079212 0.125769 -0.057162
v 0.070875 0.105378 -0.059126
v 0.088158 0.121832 -0.045423
v 0.088557 0.118503 -0.044173
v 0.078655 0.099215 -0.055094
v 0.075285 0.100454 -0.056291
v 0.077007 0.112654 -0.061068
v 0.077238 0.118492 -0.059944
v 0.087318 0.124698 -0.047019
v 0.086719 0.125948 -0.049066
v 0.085806 0.111247 -0.043942
v 0.086552 0.113999 -0.043648
v 0.085197 0.108948 -0.044415
v 0.080440 0.098994 -0.052626
v 0.071568 0.102932 -0.057676
v 0.085312 0.127197 -0.051471
v 0.077711 0.115542 -0.060847
v 0.084168 0.106376 -0.046326
v 0.079957 0.107887 -0.050253
v 0.076115 0.109946 -0.055650
v 0.078698 0.113200 -0.055965
v 0.076293 0.114188 -0.054716
v 0.082215 0.118703 -0.051513
v 0.081029 0.097209 -0.049339
v 0.076713 0.109767 -0.062612
v 0.085092 0.131345 -0.050746
v 0.077637 0.117548 -0.055041
v 0.076996 0.111311 -0.058222
v 0.090846 0.126546 -0.043501
v 0.078477 0.121275 -0.062622
v 0.077983 0.105682 -0.061530
v 0.077595 0.094343 -0.058348
v 0.077983 0.106019 -0.050652
v 0.076923 0.106291 -0.051702
v 0.084535 0.116519 -0.049066
v 0.083360 0.118157 -0.050631
v 0.081732 0.114713 -0.048646
v 0.081155 0.119039 -0.052574
v 0.073689 0.109452 -0.055209
v 0.080829 0.113642 -0.048363
v 0.081365 0.116529 -0.050001
v 0.074424 0.110439 -0.056773
v 0.079726 0.106628 -0.049938
v 0.080976 0.107993 -0.049087
v 0.082100 0.111373 -0.047775
v 0.076912 0.114188 -0.056983
v 0.076251 0.115615 -0.055681
v 0.081900 0.116004 -0.049234
v 0.080714 0.116939 -0.050872
v 0.079254 0.107069 -0.050914
v 0.078960 0.107488 -0.051618
v 0.084042 0.104675 -0.044436
v 0.077836 0.117663 -0.063231
v 0.074119 0.108696 -0.054631
v 0.075810 0.107037 -0.052720
v 0.083885 0.114240 -0.048132
v 0.077101 0.109011 -0.054411
v 0.078446 0.108045 -0.052574
v 0.082908 0.112885 -0.047806
v 0.084147 0.117422 -0.049812
v 0.080062 0.117243 -0.051849
v 0.078886 0.112371 -0.057004
v 0.080566 0.110796 -0.048856
v 0.079181 0.118556 -0.054569
v 0.074959 0.107877 -0.053812
v 0.079306 0.117537 -0.052689
v 0.076409 0.109483 -0.055083
v 0.088547 0.119647 -0.041296
v 0.079758 0.128730 -0.058706
v 0.074897 0.097829 -0.060459
v 0.080336 0.112329 -0.048310
v 0.080482 0.109232 -0.049507
v 0.079674 0.095035 -0.052237
v 0.087738 0.114513 -0.041454
v 0.089880 0.129318 -0.046127
v 0.077122 0.113767 -0.063168
v 0.077080 0.115930 -0.054086
v 0.077427 0.110985 -0.056805
v 0.077983 0.117065 -0.053718
v 0.077721 0.108560 -0.053497
v 0.090395 0.123060 -0.041916
v 0.078466 0.094133 -0.055167
v 0.085239 0.107594 -0.042914
v 0.086268 0.109788 -0.042315
v 0.078949 0.124372 -0.061404
v 0.082897 0.102186 -0.045906
v 0.081291 0.130599 -0.056857
v 0.075190 0.101357 -0.061656
v 0.077290 0.114702 -0.051943
v 0.078960 0.112087 -0.053277
v 0.076797 0.112917 -0.052363
v 0.079506 0.110838 -0.053896
v 0.078876 0.109631 -0.054190
v 0.078991 0.111447 -0.055461
v 0.078036 0.112486 -0.049864
v 0.078792 0.111384 -0.050431
v 0.078582 0.114503 -0.050022
v 0.080388 0.110019 -0.050431
v 0.079905 0.108675 -0.050967
v 0.079789 0.110502 -0.052626
v 0.079265 0.109410 -0.053035
v 0.076618 0.113421 -0.053676
v 0.078970 0.112697 -0.054884
v 0.076965 0.115059 -0.053004
v 0.078299 0.109966 -0.055220
v 0.077931 0.114587 -0.050988
v 0.078844 0.111678 -0.052059
v 0.077228 0.112612 -0.051145
v 0.079506 0.114219 -0.049161
v 0.079391 0.111163 -0.049319
v 0.078991 0.112413 -0.049077
v 0.080167 0.110387 -0.051523
v 0.079600 0.109148 -0.051912
v 0.075526 0.109820 -0.061352
v 0.080997 0.098931 -0.049833
v 0.079338 0.126735 -0.057540
v 0.088294 0.118829 -0.043113
v 0.077322 0.098154 -0.057361
v 0.077521 0.119406 -0.060711
v 0.087885 0.125633 -0.045370
v 0.085827 0.109966 -0.043291
v 0.085082 0.108035 -0.043701
v 0.080461 0.128572 -0.055566
v 0.073343 0.106911 -0.060742
v 0.082845 0.103352 -0.046641
v 0.078120 0.122577 -0.059682
v 0.071631 0.103950 -0.059976
v 0.087969 0.122566 -0.043722
v 0.078550 0.097083 -0.055209
v 0.077175 0.112938 -0.061719
v 0.085911 0.128037 -0.047428
v 0.087181 0.113862 -0.042735
v 0.079936 0.097461 -0.052479
v 0.071599 0.101325 -0.058968
v 0.085680 0.128762 -0.051219
v 0.077826 0.116204 -0.061582
v 0.083821 0.105158 -0.045287
v 0.079831 0.117075 -0.040981
v 0.083643 0.132006 -0.046168
v 0.081259 0.133686 -0.051114
v 0.078393 0.110166 -0.042052
v 0.074182 0.104507 -0.069625
v 0.073584 0.096149 -0.068166
v 0.084483 0.129392 -0.043019
v 0.083622 0.126147 -0.041916
v 0.074781 0.088494 -0.065824
v 0.076419 0.081154 -0.060805
v 0.074109 0.086079 -0.051313
v 0.073427 0.093702 -0.050610
v 0.074529 0.112476 -0.071012
v 0.074707 0.119837 -0.071494
v 0.074592 0.098060 -0.047953
v 0.076429 0.132657 -0.064396
v 0.075632 0.129486 -0.067777
v 0.082393 0.122052 -0.040971
v 0.077018 0.133969 -0.061309
v 0.077773 0.133571 -0.057120
v 0.074938 0.082908 -0.054600
v 0.076587 0.105525 -0.044205
v 0.075054 0.125412 -0.070161
v 0.075338 0.102606 -0.045822
v 0.074067 0.117526 -0.040583
v 0.077427 0.132563 -0.046567
v 0.071610 0.110313 -0.041444
v 0.073878 0.105000 -0.072607
v 0.077290 0.126483 -0.042409
v 0.072492 0.086972 -0.067368
v 0.068649 0.088620 -0.052385
v 0.074350 0.123763 -0.074477
v 0.076261 0.137445 -0.064953
v 0.076744 0.138201 -0.055766
v 0.070539 0.105210 -0.042766
v 0.076912 0.136280 -0.049014
v 0.073185 0.095487 -0.070592
v 0.077490 0.129853 -0.044110
v 0.072996 0.081396 -0.061467
v 0.068365 0.092369 -0.049707
v 0.074319 0.114450 -0.074140
v 0.069069 0.096506 -0.047040
v 0.075442 0.134620 -0.069153
v 0.076009 0.122861 -0.041254
v 0.076755 0.138537 -0.061078
v 0.070255 0.084893 -0.057141
v 0.074844 0.130316 -0.072292
v 0.070014 0.101052 -0.044594
v 0.032676 0.134558 -0.147420
v 0.036645 0.134494 -0.146821
v 0.046043 0.130515 -0.142338
v 0.045602 0.131365 -0.142947
v 0.045013 0.132038 -0.143472
v 0.043092 0.133130 -0.144669
v 0.040246 0.133875 -0.145950
v 0.028591 0.133718 -0.147073
v 0.019435 0.127774 -0.144333
v 0.020685 0.127029 -0.143566
v 0.022291 0.126630 -0.144092
v 0.020307 0.129171 -0.144343
v 0.021189 0.129937 -0.144847
v 0.019394 0.128520 -0.144564
v 0.044604 0.127848 -0.142936
v 0.025452 0.125864 -0.145509
v 0.028980 0.125307 -0.146328
v 0.022218 0.130746 -0.145183
v 0.032697 0.124929 -0.146989
v 0.024706 0.132269 -0.145929
v 0.036949 0.125034 -0.146653
v 0.040404 0.125769 -0.145267
v 0.042745 0.126725 -0.144259
v 0.045591 0.128625 -0.141844
v 0.045958 0.129402 -0.141666
v 0.046137 0.129937 -0.141844
v 0.023562 0.126305 -0.144742
v 0.045108 0.128215 -0.142348
f 1372 2 1 1373
f 6 4 3 5
f 8 3 1373 1374
f 9 5 3 8
f 12 9 8 11
f 11 8 1374 1375
f 15 12 11 14
f 14 11 1375 1376
f 18 15 14 17
f 17 14 1376 1377
f 21 18 17 20
f 20 17 1377 1378
f 24 21 20 23
f 23 20 1378 1379
f 27 24 23 26
f 26 23 1379 1380
f 30 27 26 29
f 29 26 1380 1381
f 1451 30 29 1452
f 1452 29 1381 1502
f 39 36 35 38
f 38 35 1383 1384
f 47 44 1386 1387
f 46 43 44 47
f 50 47 1387 1388
f 49 46 47 50
f 1454 50 1388 1503
f 1456 49 50 1454
f 55 2 1372 1390
f 56 4 6 57
f 59 56 57 60
f 58 55 1390 1391
f 62 59 60 63
f 61 58 1391 1392
f 101 62 63 102
f 103 61 1392 1397
f 68 65 66 69
f 67 64 1393 1394
f 71 68 69 72
f 70 67 1394 1395
f 74 71 72 75
f 73 70 1395 1396
f 1415 36 39 1410
f 1414 49 1456 1505
f 1412 46 49 1414
f 80 79 1411 1412
f 1408 30 1451 1504
f 1406 27 30 1408
f 1405 24 27 1406
f 1404 21 24 1405
f 1403 18 21 1404
f 1402 15 18 1403
f 1401 9 12 1423
f 1422 6 5 1421
f 1420 57 6 1422
f 1421 5 9 1401
f 1400 63 60 1399
f 1399 60 57 1420
f 83 93 1423 1402
f 1419 69 66 1418
f 1417 72 69 1419
f 1398 75 72 1417
f 104 97 1418 1416
f 65 101 102 66
f 64 103 1397 1393
f 96 104 1416 1400
f 105 97 104 109
f 106 98 97 105
f 107 99 98 106
f 108 100 99 107
f 115 110 114 119
f 117 112 111 116
f 118 113 112 117
f 116 111 110 115
f 121 115 119 125
f 122 116 115 121
f 123 117 116 122
f 124 118 117 123
f 127 121 125 131
f 124 130 126 120
f 128 122 121 127
f 129 123 122 128
f 130 124 123 129
f 133 127 131 137
f 130 136 132 126
f 134 128 127 133
f 135 129 128 134
f 136 130 129 135
f 80 142 141 79
f 142 80 81 143
f 143 81 1457 1459
f 138 76 77 139
f 147 85 86 148
f 149 87 88 150
f 146 84 85 147
f 148 86 87 149
f 145 83 84 146
f 154 92 93 155
f 157 95 94 156
f 152 90 92 154
f 156 94 91 153
f 158 96 95 157
f 153 91 90 152
f 104 96 158 109
f 145 155 93 83
f 166 167 119 114
f 167 168 125 119
f 168 169 131 125
f 169 170 137 131
f 182 176 175 181
f 181 175 172 178
f 177 171 173 179
f 179 173 174 180
f 178 172 171 177
f 176 182 167 166
f 194 186 187 195
f 189 159 186 194
f 195 187 188 196
f 190 160 159 189
f 191 161 160 190
f 161 191 180 174
f 207 179 180 208
f 191 213 208 180
f 209 181 178 206
f 210 182 181 209
f 216 194 195 217
f 211 189 194 216
f 217 195 196 218
f 212 190 189 211
f 206 178 177 205
f 218 196 1462 1464
f 213 191 190 212
f 205 177 179 207
f 182 210 168 167
f 210 222 169 168
f 222 221 170 169
f 225 207 208 226
f 223 205 207 225
f 224 206 205 223
f 228 221 222 229
f 236 229 209 234
f 231 224 223 230
f 229 222 210 209
f 232 225 226 233
f 235 228 229 236
f 230 223 225 232
f 239 236 234 237
f 238 235 236 239
f 1604 242 243 1605
f 1606 240 242 1604
f 1607 241 240 1606
f 258 217 218 259
f 254 211 216 257
f 257 216 217 258
f 256 213 212 255
f 259 218 1464 1466
f 255 212 211 254
f 263 256 255 262
f 262 255 254 261
f 261 254 257 264
f 208 213 256 226
f 256 263 233 226
f 1609 267 266 1608
f 1609 273 250 1605
f 1575 267 243 1566
f 833 272 1608 1614
f 840 929 930 842
f 294 861 1509 295
f 282 280 279 281
f 1468 282 281 1469
f 280 282 203 199
f 1463 203 282 1468
f 291 861 1445 290
f 291 201 202 292
f 291 290 200 201
f 861 294 293 1445
f 861 291 292 1509
f 284 1444 204 198
f 290 280 199 200
f 276 300 299 275
f 320 319 338 337
f 302 307 306 301
f 300 305 304 299
f 307 302 303 308
f 307 312 311 306
f 305 310 309 304
f 312 307 308 313
f 312 317 316 311
f 310 315 314 309
f 317 312 313 318
f 286 360 361 334
f 321 335 334 287
f 365 275 328 366
f 324 323 322 325
f 327 324 325 326
f 329 328 275 299
f 330 329 299 304
f 331 330 304 309
f 332 331 309 314
f 333 332 314 286
f 335 333 286 334
f 327 326 321 287
f 320 324 327 319
f 288 323 324 320
f 298 297 1427 1429
f 323 288 368 365
f 339 281 279 278
f 1471 340 283 1469
f 340 341 285 283
f 319 327 287 359
f 1443 1523 1522 1442
f 317 343 342 316
f 343 317 318 344
f 326 348 345 321
f 355 335 321 345
f 332 353 352 331
f 329 350 349 328
f 348 326 325 347
f 330 351 350 329
f 328 349 367 366
f 333 354 353 332
f 347 325 322 346
f 354 333 335 355
f 331 352 351 330
f 1446 343 344 1447
f 364 369 379 378
f 407 371 372 406
f 314 315 360 286
f 359 287 334 361
f 323 365 366 322
f 365 368 276 275
f 366 367 346 322
f 406 372 374 405
f 455 358 363 456
f 1718 1446 1447 1717
f 354 391 390 353
f 385 348 347 384
f 391 354 355 392
f 348 385 382 345
f 350 387 386 349
f 351 388 387 350
f 392 355 345 382
f 383 346 367 393
f 352 389 388 351
f 349 386 393 367
f 353 390 389 352
f 384 347 346 383
f 394 383 393 396
f 395 384 383 394
f 397 394 396 399
f 398 395 394 397
f 393 386 387 396
f 395 382 385 384
f 395 398 392 382
f 390 391 392 398
f 389 390 398 397
f 388 389 397 399
f 387 388 399 396
f 372 401 400 374
f 371 402 401 372
f 409 408 369 364
f 1449 1446 1718 1719
f 412 414 413 409
f 414 416 415 413
f 498 418 417 499
f 418 420 419 417
f 420 422 421 419
f 427 424 423 426
f 502 427 426 501
f 433 430 429 432
f 436 433 432 435
f 441 442 443 440
f 438 445 446 447
f 408 409 413 425
f 428 425 413 415
f 500 428 415 499
f 434 431 417 419
f 437 434 419 421
f 403 404 362 370
f 440 443 504 503
f 439 444 445 438
f 442 441 406 405
f 451 457 356 357
f 1727 449 448 1726
f 1728 450 505 1736
f 1721 1448 1513 1720
f 1729 411 1715 1739
f 460 454 506 507
f 459 453 452 458
f 463 460 507 508
f 462 459 458 461
f 466 463 508 509
f 465 462 461 464
f 469 466 509 510
f 468 465 464 467
f 1728 454 471 1737
f 472 471 454 460
f 473 472 460 463
f 474 473 463 466
f 475 474 466 469
f 1726 448 411 1729
f 410 457 458 452
f 461 458 457 451
f 451 455 464 461
f 467 464 455 456
f 479 441 440 478
f 477 439 438 476
f 478 440 503 511
f 441 479 407 406
f 407 479 485 481
f 484 485 479 478
f 512 484 478 511
f 511 477 483 512
f 482 483 477 476
f 490 484 512 513
f 491 485 484 490
f 486 480 1710 1711
f 485 491 487 481
f 489 483 482 488
f 416 498 499 415
f 430 502 501 429
f 431 500 499 417
f 503 504 444 439
f 1736 505 449 1727
f 507 506 453 459
f 508 507 459 462
f 509 508 462 465
f 510 509 465 468
f 511 503 439 477
f 476 520 519 482
f 513 512 483 489
f 518 488 482 519
f 472 515 516 471
f 473 523 515 472
f 471 516 1735 1737
f 520 537 536 519
f 520 476 438 447
f 475 521 522 474
f 474 522 523 473
f 528 436 435 527
f 521 538 539 522
f 529 437 421 525
f 515 532 533 516
f 531 447 446 530
f 537 554 553 536
f 522 539 540 523
f 535 518 519 536
f 523 540 532 515
f 537 520 447 531
f 516 533 1734 1735
f 422 526 525 421
f 538 555 556 539
f 540 557 549 532
f 539 556 557 540
f 552 535 536 553
f 533 550 1725 1734
f 548 531 530 547
f 546 529 525 542
f 526 543 542 525
f 532 549 550 533
f 570 553 554 571
f 554 537 531 548
f 545 528 527 544
f 571 554 548 565
f 562 545 544 561
f 555 572 573 556
f 557 574 566 549
f 556 573 574 557
f 569 552 553 570
f 550 567 1724 1725
f 565 548 547 564
f 563 546 542 559
f 543 560 559 542
f 549 566 567 550
f 571 588 587 570
f 604 587 588 605
f 588 571 565 582
f 579 562 561 578
f 572 589 590 573
f 574 591 583 566
f 573 590 591 574
f 586 569 570 587
f 567 584 1723 1724
f 582 565 564 581
f 580 563 559 576
f 560 577 576 559
f 688 694 677 671
f 566 583 584 567
f 597 580 576 593
f 577 594 593 576
f 671 677 660 654
f 583 600 601 584
f 605 622 621 604
f 605 588 582 599
f 643 637 654 660
f 596 579 578 595
f 589 606 607 590
f 626 620 637 643
f 591 608 600 583
f 590 607 608 591
f 603 586 587 604
f 584 601 1722 1723
f 599 582 581 598
f 606 623 624 607
f 626 609 603 620
f 608 625 617 600
f 607 624 625 608
f 620 603 604 621
f 601 618 1733 1722
f 616 599 598 615
f 614 597 593 610
f 594 611 610 593
f 586 603 609 592
f 600 617 618 601
f 638 621 622 639
f 622 605 599 616
f 592 575 569 586
f 613 596 595 612
f 639 622 616 633
f 575 558 552 569
f 630 613 612 629
f 623 640 641 624
f 558 541 535 552
f 625 642 634 617
f 624 641 642 625
f 637 620 621 638
f 618 635 1732 1733
f 633 616 615 632
f 631 614 610 627
f 611 628 627 610
f 541 524 518 535
f 617 634 635 618
f 656 655 638 639
f 655 656 673 672
f 656 639 633 650
f 524 494 488 518
f 647 630 629 646
f 640 657 658 641
f 494 495 489 488
f 642 659 651 634
f 641 658 659 642
f 654 637 638 655
f 635 652 1731 1732
f 650 633 632 649
f 648 631 627 644
f 628 645 644 627
f 513 489 495 514
f 634 651 652 635
f 657 674 675 658
f 514 496 490 513
f 659 676 668 651
f 658 675 676 659
f 671 654 655 672
f 652 669 1730 1731
f 667 650 649 666
f 665 648 644 661
f 645 662 661 644
f 496 497 491 490
f 651 668 669 652
f 672 673 690 689
f 673 656 650 667
f 487 491 497 493
f 664 647 646 663
f 682 665 661 678
f 662 679 678 661
f 668 685 686 669
f 690 673 667 684
f 681 664 663 680
f 674 691 692 675
f 676 693 685 668
f 675 692 693 676
f 688 671 672 689
f 669 686 1741 1730
f 684 667 666 683
f 701 684 683 700
f 689 690 707 706
f 705 711 694 688
f 699 682 678 695
f 679 696 695 678
f 704 696 679 687
f 707 690 684 701
f 698 681 680 697
f 691 708 709 692
f 693 710 702 685
f 692 709 710 693
f 706 705 688 689
f 686 703 1740 1741
f 686 685 702 703
f 695 696 704 1740
f 699 695 701 700
f 1620 251 241 1607
f 723 480 486 724
f 380 381 726 713
f 401 731 730 400
f 423 424 404 403
f 401 402 722 731
f 745 747 728 727
f 741 856 855 742
f 751 749 746 750
f 753 751 750 752
f 755 753 752 754
f 757 755 754 756
f 761 759 758 760
f 763 761 760 762
f 765 763 762 764
f 740 857 856 741
f 948 770 771 949
f 770 774 775 771
f 774 778 779 775
f 778 782 784 779
f 786 781 995 783
f 776 780 778 774
f 742 855 854 743
f 249 1604 1605 250
f 759 761 750 746
f 761 763 752 750
f 763 765 754 752
f 765 766 756 754
f 753 789 788 751
f 757 791 790 755
f 755 790 789 753
f 789 793 792 788
f 790 794 793 789
f 791 795 794 790
f 793 797 796 792
f 794 798 797 793
f 795 799 798 794
f 797 802 801 796
f 798 803 802 797
f 799 804 803 798
f 800 805 804 799
f 802 807 806 801
f 803 808 807 802
f 804 809 808 803
f 805 810 809 804
f 807 812 811 806
f 808 813 812 807
f 809 814 813 808
f 810 815 814 809
f 977 817 816 976
f 989 818 817 977
f 988 819 818 989
f 990 820 819 988
f 1006 1746 824 927
f 979 1745 1746 1006
f 926 823 1742 925
f 923 825 1744 966
f 927 824 823 926
f 924 826 825 923
f 830 829 1611 1610
f 829 832 1612 1611
f 946 937 936 934
f 1473 830 1610 1621
f 896 903 902 895
f 832 833 1614 1612
f 842 930 933 839
f 839 933 934 936
f 896 897 904 903
f 856 857 1616 1615
f 788 847 749 751
f 848 847 788 792
f 849 848 792 796
f 850 849 796 801
f 851 850 801 806
f 852 851 806 811
f 864 863 214 220
f 1460 150 88 1458
f 184 865 138 139
f 1460 151 866 1474
f 1462 196 188 1474
f 868 865 184 867
f 868 867 214 863
f 161 174 155 145
f 186 159 147 148
f 114 110 105 109
f 188 187 149 150
f 175 176 157 156
f 111 112 107 106
f 171 172 153 152
f 160 161 145 146
f 110 111 106 105
f 187 186 148 149
f 176 166 158 157
f 172 175 156 153
f 174 173 154 155
f 109 158 166 114
f 159 160 146 147
f 173 171 152 154
f 112 113 108 107
f 873 874 857 740
f 857 874 1617 1616
f 780 785 782 778
f 880 881 727 728
f 883 884 878 876
f 884 883 875 882
f 879 878 884 853
f 884 882 744 853
f 885 886 777 773
f 783 995 996 787
f 787 996 779 784
f 888 887 886 885
f 882 875 952 953
f 885 773 954 953
f 854 855 738 877
f 991 767 889 992
f 767 758 960 958
f 746 749 955 956
f 889 767 958 959
f 873 740 957 956
f 758 759 957 960
f 955 749 847 951
f 966 1744 822 922
f 922 822 827 835
f 821 830 1473 1472
f 928 1743 1745 979
f 925 1742 826 924
f 828 831 874 873
f 919 1749 1752 918
f 951 847 848 961
f 981 893 1659 1658
f 1920 986 1001 1921
f 1921 1001 899 1922
f 851 852 1656 1655
f 850 851 1655 1654
f 849 850 1654 1653
f 848 849 1653 1660
f 1000 852 811 997
f 904 911 910 903
f 907 914 984 985
f 903 910 909 902
f 906 913 912 905
f 902 909 964 963
f 905 912 911 904
f 1759 916 965 1766
f 1761 919 918 1762
f 1762 918 917 1763
f 1764 921 980 1767
f 1763 917 916 1759
f 1765 920 919 1761
f 1748 927 926 1749
f 1750 923 966 1755
f 1749 926 925 1752
f 1752 925 924 1753
f 1754 928 979 1756
f 1753 924 923 1750
f 982 843 844 987
f 930 929 845 931
f 935 939 247 249
f 250 273 274 932
f 935 249 250 932
f 929 840 1007 1009
f 897 898 905 904
f 898 899 906 905
f 1618 252 253 1619
f 940 248 247 939
f 1619 253 251 1620
f 1923 935 932 1926
f 932 274 1927 1926
f 1001 1005 906 899
f 946 934 944 947
f 934 933 945 944
f 1924 939 935 1923
f 745 948 949 747
f 986 985 1005 1001
f 953 952 888 885
f 953 954 744 882
f 958 960 741 742
f 956 955 739 873
f 959 958 742 743
f 956 957 759 746
f 960 957 740 741
f 739 955 951 846
f 846 951 961 892
f 961 848 1660 1652
f 963 964 908 901
f 1766 965 915 1760
f 1755 966 922 1751
f 945 968 969 944
f 969 970 947 944
f 900 907 985 986
f 931 971 968 945
f 1929 974 973 1931
f 1008 988 989 1002
f 982 983 841 843
f 962 894 1934 1933
f 1011 975 845 999
f 237 234 224 231
f 974 942 943 973
f 985 984 1004 1005
f 975 971 931 845
f 1002 989 977 1010
f 1756 979 1006 1757
f 933 930 931 945
f 987 844 972 978
f 1010 977 976 997
f 1767 980 1003 1768
f 893 981 976 816
f 998 990 988 1008
f 1009 982 987 999
f 971 975 1930 1924
f 224 234 209 206
f 1710 480 402 371
f 722 402 480 723
f 1712 492 486 1711
f 492 725 724 486
f 880 728 883 876
f 728 747 875 883
f 952 875 747 949
f 949 771 888 952
f 887 888 771 775
f 772 776 774 770
f 950 772 770 948
f 948 745 769 950
f 745 727 748 769
f 733 748 727 881
f 1622 871 1682 1507
f 1669 878 879 1670
f 1668 876 878 1669
f 1667 880 876 1668
f 1666 881 880 1667
f 285 1444 284 283
f 993 991 992 994
f 767 991 760 758
f 991 993 762 760
f 995 781 777 886
f 996 995 886 887
f 996 887 775 779
f 890 768 993 994
f 993 768 764 762
f 838 837 901 908
f 1760 915 836 1758
f 916 1750 1755 965
f 941 227 973 943
f 248 940 227 941
f 981 1000 997 976
f 1009 1007 983 982
f 814 1008 1002 813
f 978 1011 999 987
f 1005 1004 913 906
f 813 1002 1010 812
f 1757 1006 927 1748
f 812 1010 997 811
f 1768 1003 920 1765
f 815 998 1008 814
f 929 1009 999 845
f 1935 1011 978 1931
f 1930 975 1011 1935
f 2146 1013 1012 2147
f 2148 19 16 2149
f 2149 16 13 2150
f 2150 13 10 2151
f 2151 10 7 2152
f 2146 2 55 2153
f 2154 70 73 2155
f 2157 1033 1037 2158
f 2159 67 70 2154
f 2156 54 1455 2172
f 2157 64 67 2159
f 2161 51 48 2162
f 2163 61 103 2158
f 2162 48 45 2164
f 2165 58 61 2163
f 2153 55 58 2165
f 2167 37 34 2168
f 2160 31 1453 2173
f 2169 28 25 2170
f 2152 7 1 2147
f 2170 25 22 2171
f 2171 22 19 2148
f 1053 1027 1026 1052
f 1050 1024 1023 1049
f 1045 1019 1018 1044
f 1040 1014 1012 1038
f 1057 1031 1032 1058
f 1054 1028 1027 1053
f 1046 1020 1019 1045
f 1041 1015 1014 1040
f 1033 1059 1063 1037
f 1058 1032 1037 1063
f 1055 1029 1477 1479
f 1047 1021 1020 1046
f 1042 1016 1015 1041
f 1059 1033 1034 1060
f 1048 1022 1476 1478
f 1043 1017 1016 1042
f 1060 1034 1035 1061
f 1039 1013 1030 1056
f 1044 1018 1017 1043
f 1013 1039 1038 1012
f 1061 1035 1036 1062
f 1056 1030 1031 1057
f 1082 1056 1057 1083
f 1079 1053 1052 1078
f 1076 1050 1049 1075
f 1071 1045 1044 1070
f 1066 1040 1038 1064
f 1083 1057 1058 1084
f 1080 1054 1053 1079
f 1072 1046 1045 1071
f 1067 1041 1040 1066
f 1059 1085 1089 1063
f 1084 1058 1063 1089
f 1081 1055 1479 1481
f 1073 1047 1046 1072
f 1068 1042 1041 1067
f 1085 1059 1060 1086
f 1074 1048 1478 1480
f 1069 1043 1042 1068
f 1086 1060 1061 1087
f 1065 1039 1056 1082
f 1070 1044 1043 1069
f 1039 1065 1064 1038
f 1087 1061 1062 1088
f 1112 1086 1087 1113
f 1091 1065 1082 1108
f 1096 1070 1069 1095
f 1065 1091 1090 1064
f 1113 1087 1088 1114
f 1108 1082 1083 1109
f 1105 1079 1078 1104
f 1102 1076 1075 1101
f 1097 1071 1070 1096
f 1092 1066 1064 1090
f 1109 1083 1084 1110
f 1106 1080 1079 1105
f 1098 1072 1071 1097
f 1093 1067 1066 1092
f 1085 1111 1115 1089
f 1110 1084 1089 1115
f 1107 1081 1481 1483
f 1099 1073 1072 1098
f 1094 1068 1067 1093
f 1111 1085 1086 1112
f 1100 1074 1480 1482
f 1095 1069 1068 1094
f 1118 1092 1090 1116
f 1135 1109 1110 1136
f 1132 1106 1105 1131
f 1124 1098 1097 1123
f 1119 1093 1092 1118
f 1111 1137 1141 1115
f 1136 1110 1115 1141
f 1133 1107 1483 1485
f 1125 1099 1098 1124
f 1120 1094 1093 1119
f 1137 1111 1112 1138
f 1126 1100 1482 1484
f 1121 1095 1094 1120
f 1138 1112 1113 1139
f 1117 1091 1108 1134
f 1122 1096 1095 1121
f 1091 1117 1116 1090
f 1139 1113 1114 1140
f 1134 1108 1109 1135
f 1131 1105 1104 1130
f 1128 1102 1101 1127
f 1123 1097 1096 1122
f 1117 1143 1142 1116
f 1165 1139 1140 1166
f 1160 1134 1135 1161
f 1157 1131 1130 1156
f 1154 1128 1127 1153
f 1149 1123 1122 1148
f 1144 1118 1116 1142
f 1161 1135 1136 1162
f 1158 1132 1131 1157
f 1150 1124 1123 1149
f 1145 1119 1118 1144
f 1137 1163 1167 1141
f 1162 1136 1141 1167
f 1159 1133 1485 1487
f 1151 1125 1124 1150
f 1146 1120 1119 1145
f 1163 1137 1138 1164
f 1152 1126 1484 1486
f 1147 1121 1120 1146
f 1164 1138 1139 1165
f 1143 1117 1134 1160
f 1148 1122 1121 1147
f 1173 1147 1146 1172
f 1173 1185 1148 1147
f 1185 1174 1149 1148
f 1175 1182 1151 1150
f 1191 1165 1166 1192
f 1488 1177 1152 1486
f 1178 1179 1154 1153
f 1181 1176 1157 1156
f 1170 1144 1142 1168
f 1176 1183 1158 1157
f 1161 1186 1187 1160
f 1175 1150 1149 1174
f 1191 1169 1164 1165
f 1163 1189 1193 1167
f 1169 1189 1163 1164
f 1184 1159 1487 1489
f 1193 1171 1162 1167
f 1171 1186 1161 1162
f 1187 1190 1143 1160
f 1142 1143 1190 1168
f 1170 1188 1145 1144
f 1188 1172 1146 1145
f 1177 1178 1153 1152
f 1126 1152 1153 1127
f 1100 1126 1127 1101
f 1101 1075 1074 1100
f 1188 1214 1198 1172
f 1189 1215 1219 1193
f 1193 1219 1197 1171
f 1183 1209 1491 1489
f 1181 1207 1202 1176
f 1186 1212 1213 1187
f 1175 1201 1208 1182
f 1168 1194 1196 1170
f 1171 1197 1212 1186
f 1182 1208 1490 1488
f 1172 1198 1199 1173
f 1170 1196 1214 1188
f 1187 1213 1216 1190
f 1191 1217 1195 1169
f 1178 1204 1205 1179
f 1173 1199 1211 1185
f 1192 1218 1217 1191
f 1169 1195 1215 1189
f 1176 1202 1209 1183
f 1185 1211 1200 1174
f 1190 1216 1194 1168
f 1177 1203 1204 1178
f 1174 1200 1201 1175
f 1208 1234 1492 1490
f 1198 1224 1225 1199
f 1212 1238 1239 1213
f 1218 1244 1243 1217
f 1217 1243 1221 1195
f 1204 1230 1231 1205
f 1199 1225 1237 1211
f 1216 1242 1220 1194
f 1195 1221 1241 1215
f 1202 1228 1235 1209
f 1211 1237 1226 1200
f 1215 1241 1245 1219
f 1219 1245 1223 1197
f 1203 1229 1230 1204
f 1200 1226 1227 1201
f 1196 1222 1240 1214
f 1197 1223 1238 1212
f 1209 1235 1493 1491
f 1207 1233 1228 1202
f 1201 1227 1234 1208
f 1194 1220 1222 1196
f 1214 1240 1224 1198
f 1213 1239 1242 1216
f 1243 1269 1247 1221
f 1230 1256 1257 1231
f 1225 1251 1263 1237
f 1242 1268 1246 1220
f 1221 1247 1267 1241
f 1228 1254 1261 1235
f 1237 1263 1252 1226
f 1241 1267 1271 1245
f 1245 1271 1249 1223
f 1229 1255 1256 1230
f 1226 1252 1253 1227
f 1222 1248 1266 1240
f 1223 1249 1264 1238
f 1235 1261 1495 1493
f 1233 1259 1254 1228
f 1227 1253 1260 1234
f 1220 1246 1248 1222
f 1240 1266 1250 1224
f 1239 1265 1268 1242
f 1234 1260 1494 1492
f 1224 1250 1251 1225
f 1238 1264 1265 1239
f 1244 1270 1269 1243
f 1272 1307 1308 1683
f 1303 1276 1288 1291
f 1498 1689 1280 1299
f 1687 1496 1497 1688
f 1305 1274 1275 1304
f 1297 1282 1688 1497
f 1684 1309 1304 1275
f 1273 1306 1307 1272
f 1284 1295 1298 1281
f 1279 1300 1496 1687
f 1690 1499 1501 1692
f 1286 1293 1301 1278
f 1281 1298 1299 1280
f 1277 1302 1309 1684
f 1285 1294 1293 1286
f 1300 1279 1686 1311
f 1278 1301 1290 1289
f 1683 1308 1291 1288
f 1295 1284 1692 1501
f 1685 1310 1311 1686
f 1302 1277 1289 1290
f 1691 1500 1294 1285
f 1296 1283 1287 1292
f 1310 1685 1276 1303
f 1292 1287 1689 1498
f 1274 1305 1306 1273
f 1283 1296 1500 1691
f 1499 1248 1246 1501
f 1253 1310 1303 1260
f 1302 1261 1254 1309
f 1249 1498 1299 1264
f 1297 1266 1248 1499
f 1261 1302 1290 1495
f 1310 1253 1252 1311
f 1309 1254 1259 1304
f 1271 1292 1498 1249
f 1267 1296 1292 1271
f 1308 1255 1494 1291
f 1263 1300 1311 1252
f 1307 1256 1255 1308
f 1296 1267 1247 1500
f 1268 1295 1501 1246
f 1258 1305 1304 1259
f 1300 1263 1251 1496
f 1306 1257 1256 1307
f 1500 1247 1269 1294
f 863 864 260 219
f 1617 874 831 1613
f 873 739 891 828
f 868 863 219 197
f 197 866 865 868
f 866 151 138 865
f 76 138 151 89
f 1407 33 36 1415
f 35 36 33 32
f 1383 35 32 1382
f 2160 1022 1023 2168
f 1022 1048 1049 1023
f 1048 1074 1075 1049
f 890 994 1313 1312
f 994 992 1314 1313
f 992 889 1315 1314
f 954 773 1315 1316
f 959 743 1317 1316
f 853 744 1317 1318
f 854 877 1319 1318
f 1670 879 1319 1672
f 1429 1427 294 295
f 293 294 1427 1428
f 400 730 1321 1322
f 374 400 1322 1713
f 442 405 1323 1324
f 443 442 1324 1325
f 504 443 1325 1326
f 502 430 1327 1326
f 445 444 1327 1328
f 446 445 1328 1329
f 530 446 1329 1330
f 528 545 1331 1330
f 564 547 1331 1332
f 581 564 1332 1333
f 579 596 1334 1333
f 596 613 1335 1334
f 632 615 1335 1336
f 649 632 1336 1337
f 647 664 1338 1337
f 664 681 1339 1338
f 681 698 1340 1339
f 699 700 1340 1341
f 697 680 1342 1341
f 680 663 1343 1342
f 648 665 1343 1344
f 646 629 1345 1344
f 614 631 1345 1346
f 597 614 1346 1347
f 595 578 1348 1347
f 578 561 1349 1348
f 546 563 1349 1350
f 529 546 1350 1351
f 527 435 1352 1351
f 434 437 1352 1353
f 431 434 1353 1354
f 500 431 1354 1355
f 501 426 1356 1355
f 425 428 1356 1357
f 423 403 1358 1357
f 370 380 1359 1714
f 380 713 1360 1359
f 293 1428 1425 278
f 1425 1432 339 278
f 1312 1313 781 786
f 1313 1314 777 781
f 1314 1315 773 777
f 1316 1315 889 959
f 1316 1317 744 954
f 1318 1317 743 854
f 1318 1319 879 853
f 276 368 336 277
f 1471 339 1432 1506
f 1430 340 1471 1506
f 1322 1321 726 381
f 1713 1322 381 362
f 1324 1323 404 424
f 1325 1324 424 427
f 1326 1325 427 502
f 1326 1327 444 504
f 1328 1327 430 433
f 1329 1328 433 436
f 1330 1329 436 528
f 1330 1331 547 530
f 1332 1331 545 562
f 1333 1332 562 579
f 1333 1334 598 581
f 1334 1335 615 598
f 1336 1335 613 630
f 1337 1336 630 647
f 1337 1338 666 649
f 1338 1339 683 666
f 1339 1340 700 683
f 1341 1340 698 697
f 1341 1342 682 699
f 1342 1343 665 682
f 1344 1343 663 646
f 1344 1345 631 648
f 1346 1345 629 612
f 1347 1346 612 595
f 1347 1348 580 597
f 1348 1349 563 580
f 1350 1349 561 544
f 1351 1350 544 527
f 1351 1352 437 529
f 1353 1352 435 432
f 1354 1353 432 429
f 1355 1354 429 501
f 1355 1356 428 500
f 1357 1356 426 423
f 1357 1358 408 425
f 1714 1359 379 369
f 1359 1360 712 379
f 341 340 1430 1431
f 1361 1362 1638 1639
f 1362 1363 1637 1638
f 1363 1364 1636 1637
f 1365 1366 1634 1635
f 1366 1367 858 1634
f 1367 1368 1693 858
f 1368 1369 1640 1693
f 1369 1370 1694 1640
f 1370 1371 1695 1694
f 4 1372 1373 3
f 1374 1373 1 7
f 1375 1374 7 10
f 1376 1375 10 13
f 1377 1376 13 16
f 1378 1377 16 19
f 1379 1378 19 22
f 1380 1379 22 25
f 1381 1380 25 28
f 1502 1381 28 1453
f 1384 1383 34 37
f 1387 1386 45 48
f 1388 1387 48 51
f 1503 1388 51 1455
f 1390 1372 4 56
f 1391 1390 56 59
f 1392 1391 59 62
f 1397 1392 62 101
f 1394 1393 65 68
f 1395 1394 68 71
f 1396 1395 71 74
f 1393 1397 101 65
f 34 1383 1382 31
f 94 1420 1422 91
f 83 1402 1403 84
f 80 1412 1414 81
f 76 1415 1410 77
f 92 1401 1423 93
f 99 1417 1419 98
f 100 1398 1417 99
f 1402 1423 12 15
f 85 1404 1405 86
f 1400 1416 102 63
f 86 1405 1406 87
f 89 1407 1415 76
f 88 1408 1504 1458
f 98 1419 1418 97
f 90 1421 1401 92
f 91 1422 1421 90
f 1416 1418 66 102
f 96 1400 1399 95
f 84 1403 1404 85
f 1412 1411 43 46
f 95 1399 1420 94
f 81 1414 1505 1457
f 87 1406 1408 88
f 33 1451 1452 32
f 285 341 1431 1426
f 285 1426 1514 1444
f 1436 1433 1434 1435
f 1465 215 183 1475
f 163 1439 1437 164
f 1475 183 869 1461
f 201 200 163 164
f 1431 1430 337 338
f 164 1437 1438 165
f 202 201 164 165
f 1461 869 1433 1436
f 319 359 289 338
f 1584 1623 1681 1678
f 246 245 1371 1370
f 244 246 1370 1369
f 714 244 1369 1368
f 1368 1367 715 714
f 1513 1448 360 315
f 361 360 1448 1510
f 289 359 1512 1511
f 316 342 315 310
f 311 316 310 305
f 306 311 305 300
f 300 276 301 306
f 277 296 301 276
f 278 279 1445 293
f 379 712 377 378
f 296 297 302 301
f 303 302 297 298
f 32 1452 1502 1382
f 53 1454 1503 1389
f 52 1456 1454 53
f 1505 1456 52 1413
f 1504 1451 33 1407
f 1459 1457 82 144
f 1464 1462 197 219
f 1466 1464 219 260
f 284 1468 1469 283
f 198 1463 1468 284
f 1367 1366 716 715
f 1444 1514 1521 204
f 339 1471 1469 281
f 831 1473 1621 1613
f 151 1460 1458 89
f 150 1460 1474 188
f 197 1462 1474 866
f 1678 1436 1435 1624
f 1472 1473 831 828
f 1623 1584 142 143
f 2172 1455 51 2161
f 2173 1453 28 2169
f 1479 1477 1028 1054
f 1478 1476 1021 1047
f 1481 1479 1054 1080
f 1480 1478 1047 1073
f 1483 1481 1080 1106
f 1482 1480 1073 1099
f 1485 1483 1106 1132
f 1484 1482 1099 1125
f 1487 1485 1132 1158
f 1486 1484 1125 1151
f 1182 1488 1486 1151
f 1489 1487 1158 1183
f 1489 1491 1210 1184
f 1488 1490 1203 1177
f 1490 1492 1229 1203
f 1491 1493 1236 1210
f 1493 1495 1262 1236
f 1492 1494 1255 1229
f 1294 1269 1270 1293
f 1298 1265 1264 1299
f 1496 1251 1250 1497
f 1260 1303 1291 1494
f 1305 1258 1257 1306
f 1293 1270 1262 1301
f 1301 1262 1495 1290
f 1366 1365 717 716
f 1382 1502 1453 31
f 1389 1503 1455 54
f 1458 1504 1407 89
f 1457 1505 1413 82
f 724 725 734 732
f 1584 1678 1624 1594
f 288 320 337 1470
f 279 280 290 1445
f 1470 336 368 288
f 1513 315 342 1449
f 1361 1639 1704 1563
f 1514 1426 289 1511
f 343 1446 1449 342
f 732 729 723 724
f 1511 1450 1521 1514
f 722 723 729 735
f 735 860 731 722
f 730 731 860 859
f 1428 1427 297 296
f 1425 1428 296 277
f 277 336 1432 1425
f 1506 1432 336 1470
f 1470 337 1430 1506
f 198 204 185 162
f 1426 1431 338 289
f 1321 730 859 1320
f 1320 1517 726 1321
f 713 726 1517 1518
f 1360 713 1518 1519
f 1519 1520 712 1360
f 1520 1633 377 712
f 1450 1443 1442 1521
f 1696 862 1516 1697
f 1442 185 204 1521
f 118 124 1465 871
f 721 717 1365 1364
f 1364 1363 720 721
f 871 1465 1475 1682
f 1363 1362 718 720
f 1362 1361 719 718
f 1682 1475 1461 1681
f 1529 1581 1580 1552
f 1563 1564 719 1361
f 1564 1563 1560 1561
f 1557 1558 1561 1560
f 1554 1555 1558 1557
f 1555 1554 1551 1552
f 1529 1552 1551 1527
f 1319 877 1673 1672
f 1532 1537 1586 1589
f 1438 1437 126 132
f 1437 1439 120 126
f 1530 1531 1582 1593
f 215 120 1439 1632
f 1589 1543 1542 1590
f 1531 1539 1587 1582
f 1585 1540 1547 1592
f 1590 1542 1541 1588
f 1588 1541 1540 1585
f 1545 1544 1587 1591
f 1543 1546 1600 1595
f 1592 1547 1545 1591
f 1543 1595 1596 1542
f 1542 1596 1597 1541
f 1527 1551 1700 1699
f 1552 1580 1579 1555
f 1551 1554 1701 1700
f 1554 1557 1702 1701
f 183 215 1632 1630
f 1630 1628 869 183
f 1557 1560 1703 1702
f 1560 1563 1704 1703
f 270 269 1577 1576
f 269 268 1570 1577
f 1562 264 257 258
f 1559 1562 258 259
f 1556 1559 259 1466
f 1466 260 1553 1556
f 260 864 1550 1553
f 864 220 1441 1550
f 1467 270 1576 1578
f 252 1567 1568 253
f 253 1568 1569 251
f 241 1571 1565 240
f 242 1572 1566 243
f 240 1565 1572 242
f 251 1569 1571 241
f 265 1573 1570 268
f 266 1574 1573 265
f 267 1575 1574 266
f 1578 1579 271 1467
f 1579 1580 872 271
f 1580 1581 737 872
f 142 1584 1594 141
f 1528 1583 1581 1529
f 1589 1586 1546 1543
f 1593 1582 1549 1548
f 1532 1589 1590 1533
f 1582 1587 1544 1549
f 1535 1585 1592 1536
f 1533 1590 1588 1534
f 1534 1588 1585 1535
f 1591 1587 1539 1538
f 1536 1592 1591 1538
f 1541 1597 1598 1540
f 1433 869 1628 1626
f 1434 1433 1626 1625
f 1434 1625 1522 1424
f 1522 1523 1525 1424
f 1515 1524 1530 1593
f 1540 1598 1599 1547
f 1547 1599 1601 1545
f 1601 1602 1544 1545
f 1595 1600 1671 1666
f 1602 1603 1549 1544
f 1603 1602 1673 1674
f 736 737 1581 1583
f 247 1606 1604 249
f 248 1607 1606 247
f 273 1609 1608 272
f 267 1609 1605 243
f 1614 1608 266 265
f 941 1620 1607 248
f 1610 1611 269 270
f 1611 1612 268 269
f 1621 1610 270 1467
f 1612 1614 265 268
f 1615 1616 737 736
f 1616 1617 872 737
f 942 1618 1619 943
f 943 1619 1620 941
f 872 1617 1613 271
f 1613 1621 1467 271
f 738 855 856 1615
f 1598 1669 1670 1599
f 1459 1507 1623 143
f 144 1622 1507 1459
f 1678 1681 1461 1436
f 215 1465 124 120
f 1526 1528 1529 1527
f 1524 1515 1516 862
f 1625 185 1442 1522
f 1519 1530 1524 1520
f 1519 1518 1531 1530
f 162 185 1625 1626
f 1626 1628 1627 162
f 1518 1517 1539 1531
f 1517 1320 1538 1539
f 198 162 1627 1463
f 1320 859 1536 1538
f 1628 1630 1629 1627
f 1535 1536 859 860
f 1627 1629 203 1463
f 199 203 1629 1631
f 200 199 1631 163
f 1629 1630 1632 1631
f 1439 163 1631 1632
f 1534 1535 860 735
f 1533 1534 735 729
f 729 732 1532 1533
f 732 734 1537 1532
f 1705 1633 862 1696
f 1635 1636 1364 1365
f 1642 1641 1919 1920
f 1658 1642 1643 1657
f 1657 1643 1644 1656
f 1645 1644 1922 1925
f 1646 1645 1925 1928
f 1647 1646 1928 1932
f 1648 1647 1932 1936
f 1649 1648 1936 1933
f 1649 1650 1651 1652
f 1655 1656 1644 1645
f 1658 1659 1641 1642
f 1660 1653 1647 1648
f 1652 1660 1648 1649
f 981 1658 1657 1000
f 1654 1655 1645 1646
f 1653 1654 1646 1647
f 1000 1657 1656 852
f 1652 1651 892 961
f 1520 1524 862 1633
f 1664 1662 1661 1663
f 1548 1663 1515 1593
f 1516 1515 1663 1661
f 1516 1661 1707 1697
f 1548 1665 1664 1663
f 1548 1549 1603 1665
f 1597 1668 1669 1598
f 1596 1667 1668 1597
f 1595 1666 1667 1596
f 1599 1670 1672 1601
f 1672 1673 1602 1601
f 1666 1671 733 881
f 1674 1673 877 738
f 1677 1676 1528 1526
f 1440 1508 1680 1679
f 1675 1665 1603 1674
f 1508 193 1435 1680
f 736 1583 1675 1674
f 1525 1679 1680 1424
f 1434 1424 1680 1435
f 1583 1528 1676 1675
f 1615 736 1674 738
f 1665 1675 1676 1664
f 1507 1682 1681 1623
f 1677 1662 1664 1676
f 1441 220 1508 1440
f 193 1508 220 214
f 214 867 870 193
f 867 184 192 870
f 140 192 184 139
f 139 77 78 140
f 1409 78 77 1410
f 1410 39 40 1409
f 41 40 39 38
f 1385 41 38 1384
f 1555 1579 1578 1558
f 1578 1576 1561 1558
f 1576 1577 1564 1561
f 719 1564 1577 1570
f 718 719 1570 1573
f 720 718 1573 1574
f 721 720 1574 1575
f 1295 1268 1265 1298
f 1258 1232 1231 1257
f 1232 1206 1205 1231
f 1179 1205 1206 1180
f 1154 1179 1180 1155
f 1155 1129 1128 1154
f 1129 1103 1102 1128
f 1103 1077 1076 1102
f 1077 1051 1050 1076
f 1051 1025 1024 1050
f 2167 1024 1025 2166
f 1384 37 42 1385
f 1575 1566 717 721
f 716 717 1566 1572
f 715 716 1572 1565
f 714 715 1565 1571
f 1571 1569 244 714
f 1569 1568 246 244
f 1568 1567 245 246
f 1266 1297 1497 1250
f 1259 1233 1232 1258
f 1236 1262 1270 1244
f 1624 1435 193 870
f 870 192 1594 1624
f 141 1594 192 140
f 140 78 79 141
f 113 118 871 1622
f 108 113 1622 144
f 100 108 144 82
f 1282 1297 1499 1690
f 1284 1281 1690 1692
f 1281 1280 1282 1690
f 1280 1689 1688 1282
f 1689 1287 1687 1688
f 1287 1283 1279 1687
f 1686 1279 1283 1691
f 1691 1285 1685 1686
f 1276 1685 1285 1286
f 1288 1276 1286 1278
f 1683 1288 1278 1289
f 1289 1277 1272 1683
f 1277 1684 1273 1272
f 1274 1273 1684 1275
f 1233 1207 1206 1232
f 1180 1206 1207 1181
f 1181 1156 1155 1180
f 1129 1155 1156 1130
f 1130 1104 1103 1129
f 1104 1078 1077 1103
f 1051 1077 1078 1052
f 1025 1051 1052 1026
f 2166 1025 1026 2164
f 1385 42 45 1386
f 1386 44 41 1385
f 44 43 40 41
f 1409 40 43 1411
f 1411 79 78 1409
f 1398 100 82 1413
f 1413 52 75 1398
f 74 75 52 53
f 1396 74 53 1389
f 1389 54 73 1396
f 2156 1029 1036 2155
f 1062 1036 1029 1055
f 1088 1062 1055 1081
f 1081 1107 1114 1088
f 1140 1114 1107 1133
f 1133 1159 1166 1140
f 1159 1184 1192 1166
f 1218 1192 1184 1210
f 1210 1236 1244 1218
f 1527 1699 1698 1526
f 1662 1706 1707 1661
f 1708 1706 1662 1677
f 1526 1698 1708 1677
f 373 377 1633 1705
f 378 377 373 375
f 412 409 364 376
f 357 358 455 451
f 370 362 381 380
f 357 356 1720 1719
f 410 1709 356 457
f 376 375 1716 1715
f 1711 1710 481 487
f 481 1710 371 407
f 493 1712 1711 487
f 405 374 1713 1323
f 403 370 1714 1358
f 1323 1713 362 404
f 1358 1714 369 408
f 376 364 378 375
f 450 470 420 418
f 505 450 418 498
f 498 416 449 505
f 448 449 416 414
f 411 448 414 412
f 1715 411 412 376
f 1511 1512 373 1705
f 373 1512 1716 375
f 1705 1696 1450 1511
f 1696 1697 1443 1450
f 1697 1707 1523 1443
f 1707 1706 1525 1523
f 1706 1708 1679 1525
f 1440 1679 1708 1698
f 1698 1699 1441 1440
f 358 1718 1717 363
f 1719 1718 358 357
f 1709 1721 1720 356
f 1719 1720 1513 1449
f 1737 1735 517 470
f 454 1728 1736 506
f 1721 1709 1739 1738
f 506 1736 1727 453
f 452 1726 1729 410
f 410 1729 1739 1709
f 453 1727 1726 452
f 450 1728 1737 470
f 1735 1734 534 517
f 1734 1725 551 534
f 1725 1724 568 551
f 1724 1723 585 568
f 1723 1722 602 585
f 1722 1733 619 602
f 1733 1732 636 619
f 1732 1731 653 636
f 1731 1730 670 653
f 1730 1741 687 670
f 1741 1740 704 687
f 1738 1739 1715 1716
f 359 361 1510 1512
f 1510 1738 1716 1512
f 1738 1510 1448 1721
f 695 1740 707 701
f 1740 703 706 707
f 702 710 709 703
f 703 709 705 706
f 709 708 711 705
f 670 687 679 662
f 662 645 653 670
f 645 628 636 653
f 628 611 619 636
f 611 594 602 619
f 585 602 594 577
f 577 560 568 585
f 560 543 551 568
f 543 526 534 551
f 526 422 517 534
f 470 517 422 420
f 1550 1441 1699 1700
f 1553 1550 1700 1701
f 1556 1553 1701 1702
f 1559 1556 1702 1703
f 1562 1559 1703 1704
f 264 1562 1704 1639
f 1639 1638 261 264
f 1638 1637 262 261
f 1637 1636 263 262
f 233 263 1636 1635
f 1635 1634 232 233
f 1634 858 230 232
f 858 1693 231 230
f 1693 1640 237 231
f 1640 1694 239 237
f 1694 1695 238 239
f 920 1748 1749 919
f 918 1752 1753 917
f 921 1754 1756 980
f 917 1753 1750 916
f 965 1755 1751 915
f 980 1756 1757 1003
f 1003 1757 1748 920
f 1747 1751 922 835
f 1747 836 915 1751
f 895 902 963 962
f 962 963 901 894
f 274 1769 1937 1927
f 1771 947 970 1772
f 947 1771 1770 946
f 1771 1775 1774 1770
f 1769 1773 1938 1937
f 1775 1771 1772 1776
f 1775 1779 1778 1774
f 1773 1777 1939 1938
f 1779 1775 1776 1780
f 1650 1784 1785 1651
f 894 1783 1940 1934
f 892 1782 1781 846
f 1782 892 1651 1785
f 1781 891 739 846
f 1783 894 901 837
f 1777 1773 833 832
f 272 833 1773 1769
f 834 938 1774 1778
f 1770 967 937 946
f 1770 1774 938 967
f 1769 274 273 272
f 1786 1777 832 829
f 1786 829 830 821
f 2123 835 827 2133
f 2124 837 838 2122
f 2125 821 1472 2134
f 2104 1797 1792 2105
f 2127 828 891 2136
f 2128 1782 1785 2137
f 2110 1808 1799 2111
f 2112 1806 1807 2109
f 2130 1779 1780 2140
f 2138 1786 821 2125
f 2116 1800 1790 2117
f 2118 1803 1795 2107
f 2113 1801 1800 2116
f 2132 1783 837 2124
f 2108 1804 1803 2118
f 2111 1799 1941 2120
f 2105 1792 1798 2115
f 2135 1747 835 2123
f 2106 1789 1796 2103
f 2119 1805 1942 2121
f 1823 1801 1802 1824
f 1811 1789 1795 1817
f 1830 1808 1787 1809
f 1806 1828 1829 1807
f 1801 1823 1822 1800
f 1809 1787 1796 1818
f 1792 1814 1820 1798
f 1803 1825 1817 1795
f 1799 1821 1943 1941
f 1819 1797 1791 1813
f 1815 1793 1794 1816
f 1827 1805 1793 1815
f 1804 1826 1825 1803
f 1797 1819 1814 1792
f 1789 1811 1818 1796
f 1800 1822 1812 1790
f 1805 1827 1944 1942
f 1813 1791 1788 1810
f 1808 1830 1821 1799
f 1826 1804 1807 1829
f 1822 1844 1834 1812
f 1827 1849 1946 1944
f 1835 1813 1810 1832
f 1830 1852 1843 1821
f 1848 1826 1829 1851
f 1845 1823 1824 1846
f 1833 1811 1817 1839
f 1852 1830 1809 1831
f 1828 1850 1851 1829
f 1823 1845 1844 1822
f 1831 1809 1818 1840
f 1814 1836 1842 1820
f 1825 1847 1839 1817
f 1821 1843 1945 1943
f 1841 1819 1813 1835
f 1837 1815 1816 1838
f 1849 1827 1815 1837
f 1826 1848 1847 1825
f 1819 1841 1836 1814
f 1811 1833 1840 1818
f 2036 1865 1947 2013
f 2033 1870 1869 2042
f 1989 1863 1858 2041
f 2030 1855 1862 2048
f 2029 1866 1856 2047
f 2043 1871 1948 2012
f 1985 1874 1865 2036
f 2046 1872 1873 1984
f 2045 1867 1866 2029
f 2041 1858 1864 2028
f 2042 1869 1861 1992
f 2074 1874 1853 2084
f 2084 1853 1862 2087
f 2080 1863 1857 2091
f 2081 1859 1860 2092
f 2082 1871 1859 2081
f 2091 1857 1854 2095
f 2093 1870 1873 2075
f 2086 1867 1868 2079
f 2094 1855 1861 2078
f 1906 1994 2015 1914
f 1910 1988 1897 1900
f 1996 1912 1918 1983
f 2025 1952 1914 2015
f 2004 1903 1899 1898
f 1917 2020 1995 1911
f 2005 1904 1916 2019
f 1905 1993 1994 1906
f 1912 1996 2020 1917
f 1999 1954 1913 2014
f 2019 1916 1915 2016
f 1909 1987 2024 1951
f 1904 2005 1898 1899
f 1904 1893 1881 1916
f 1916 1881 1882 1915
f 1912 1885 1879 1918
f 1887 1910 1900 1949
f 1907 1890 1949 1900
f 1891 1906 1914 1883
f 1880 1917 1911 1886
f 1954 1875 1884 1913
f 1889 1908 1909 1888
f 1894 1903 1902 1895
f 1901 1896 1875 1954
f 1952 1877 1883 1914
f 1908 1889 1890 1907
f 1905 1892 1895 1902
f 1896 1901 1910 1887
f 1918 1879 1876 1953
f 1893 1904 1899 1950
f 1888 1909 1951 1878
f 1834 1844 2029 2047
f 1844 1845 2045 2029
f 1990 2045 1845 1846
f 2013 1990 1846 1945
f 1945 1843 2036 2013
f 1843 1852 1985 2036
f 1991 1985 1852 1831
f 1642 1920 1921 1643
f 1643 1921 1922 1644
f 968 1923 1926 969
f 1926 1927 970 969
f 971 1924 1923 968
f 972 1929 1931 978
f 1933 1934 1650 1649
f 1924 1930 940 939
f 227 1935 1931 973
f 940 1930 1935 227
f 1920 1919 900 986
f 1925 1922 899 898
f 1928 1925 898 897
f 1932 1928 897 896
f 1936 1932 896 895
f 1933 1936 895 962
f 1927 1937 1772 970
f 1937 1938 1776 1772
f 1938 1939 1780 1776
f 1934 1940 1784 1650
f 2120 1941 1802 2114
f 2121 1942 1806 2112
f 1941 1943 1824 1802
f 1942 1944 1828 1806
f 1944 1946 1850 1828
f 1943 1945 1846 1824
f 2013 1947 1868 1990
f 2012 1948 1872 2046
f 1877 1952 1913 1884
f 1885 1912 1917 1880
f 1892 1905 1906 1891
f 1903 1894 1950 1899
f 2048 1991 1831 1840
f 1840 1833 2030 2048
f 2085 1958 1959 2075
f 2086 1960 1961 2076
f 2088 1963 1964 2077
f 2089 1965 1966 2078
f 2090 1967 1977 2096
f 2093 1974 1965 2089
f 2080 1969 1963 2088
f 2094 1975 1962 2087
f 2076 1961 1955 2083
f 2082 1973 1978 2097
f 2074 1956 1967 2090
f 2096 1977 1968 2079
f 2097 1978 1958 2085
f 1855 2030 1992 1861
f 1992 2030 1833 1839
f 1839 1847 2042 1992
f 1847 1848 2033 2042
f 1984 2033 1848 1851
f 1851 1850 2046 1984
f 1871 2043 2044 1859
f 2012 2046 1850 1946
f 1908 2007 1987 1909
f 2002 1901 1954 1999
f 1870 2033 1984 1873
f 1983 1918 1953 1998
f 1853 1991 2048 1862
f 1859 2044 2034 1860
f 1946 1849 2043 2012
f 1863 1989 2035 1857
f 2044 2043 1849 1837
f 1867 2045 1990 1868
f 1874 1985 1991 1853
f 2034 2044 1837 1838
f 1857 2035 1986 1854
f 1842 1836 2041 2028
f 1836 1841 1989 2041
f 2035 1989 1841 1835
f 1986 2035 1835 1832
f 1903 2004 2003 1902
f 2006 1907 1900 1897
f 2007 1908 1907 2006
f 1952 2025 2014 1913
f 1981 1982 2007 2006
f 1901 2002 1988 1910
f 2022 1981 2006 1897
f 1897 1988 2038 2022
f 1988 2002 1980 2038
f 2027 1980 2002 1999
f 2017 2027 1999 2014
f 2014 2025 2040 2017
f 2018 2040 2025 2015
f 2015 1994 2011 2018
f 1994 1993 2010 2011
f 1979 2010 1993 2003
f 1993 1905 1902 2003
f 2003 2004 2032 1979
f 2023 2032 2004 1898
f 1898 2005 2031 2023
f 2000 2031 2005 2019
f 1997 2000 2019 2016
f 1995 2020 2001 2008
f 2020 1996 2009 2001
f 2021 2009 1996 1983
f 2026 2021 1983 1998
f 2024 1987 2037 2039
f 1987 2007 1982 2037
f 2023 2031 2071 2070
f 2037 1982 2062 2064
f 1976 1955 1878 1876
f 2032 2023 2070 2058
f 1979 2032 2058 2059
f 1878 1951 1953 1876
f 2050 2051 2062 2063
f 2049 2051 2068 2066
f 2026 1998 2024 2039
f 2052 2050 2063 2054
f 2053 2052 2054 2065
f 2053 2017 2040 2061
f 2060 2067 2050 2052
f 1951 2024 1998 1953
f 2067 2068 2051 2050
f 2072 2056 2067 2060
f 2064 2062 2051 2049
f 2063 2062 1982 1981
f 2054 2063 1981 2022
f 2065 2054 2022 2038
f 2070 2071 2055 2056
f 2066 2068 2055 2057
f 2061 2060 2052 2053
f 2064 2049 2021 2026
f 2049 2066 2009 2021
f 2056 2055 2068 2067
f 2038 1980 2027 2065
f 2008 2069 2000 1997
f 2001 2009 2066 2057
f 2057 2055 2071 2069
f 2073 2072 2060 2061
f 2069 2071 2031 2000
f 2059 2058 2072 2073
f 2058 2070 2056 2072
f 2061 2040 2018 2073
f 2065 2027 2017 2053
f 2059 2011 2010 1979
f 2073 2018 2011 2059
f 1956 2074 2084 1957
f 1957 2084 2087 1962
f 1969 2080 2091 1970
f 1971 2081 2092 1972
f 1973 2082 2081 1971
f 1970 2091 2095 1976
f 1974 2093 2075 1959
f 1960 2086 2079 1968
f 1975 2094 2078 1966
f 1872 2085 2075 1873
f 1867 2086 2076 1866
f 1858 2088 2077 1864
f 1869 2089 2078 1861
f 1865 2090 2096 1947
f 1870 2093 2089 1869
f 1863 2080 2088 1858
f 1855 2094 2087 1862
f 1866 2076 2083 1856
f 1871 2082 2097 1948
f 1874 2074 2090 1865
f 1947 2096 2079 1868
f 1948 2097 2085 1872
f 1890 1889 1960 1968
f 1949 1890 1968 1977
f 1977 1967 1887 1949
f 1967 1956 1896 1887
f 1875 1896 1956 1957
f 1884 1875 1957 1962
f 1962 1975 1877 1884
f 1883 1877 1975 1966
f 1966 1965 1891 1883
f 1965 1974 1892 1891
f 1895 1892 1974 1959
f 1959 1958 1894 1895
f 1950 1894 1958 1978
f 1978 1973 1893 1950
f 1881 1893 1973 1971
f 1882 1881 1971 1972
f 1964 1963 1880 1886
f 1963 1969 1885 1880
f 1879 1885 1969 1970
f 1876 1879 1970 1976
f 1955 1961 1888 1878
f 1961 1960 1889 1888
f 1791 2099 2100 1788
f 1793 2101 2098 1794
f 1787 2102 2103 1796
f 2135 2104 2105 2126
f 1789 2106 2107 1795
f 1804 2108 2109 1807
f 1834 2047 1986 1832
f 2138 2110 2111 2129
f 2139 2112 2109 2137
f 1801 2113 2114 1802
f 1808 2110 2102 1787
f 2142 2116 2117 2131
f 2143 2118 2107 2136
f 2130 2113 2116 2142
f 2047 1856 1854 1986
f 1805 2119 2101 1793
f 2128 2108 2118 2143
f 2129 2111 2120 2144
f 2126 2105 2115 2141
f 1797 2104 2099 1791
f 2127 2106 2103 2134
f 2132 2119 2121 2145
f 2144 2120 2114 2140
f 2145 2121 2112 2139
f 2099 2123 2133 2100
f 2101 2124 2122 2098
f 2102 2125 2134 2103
f 2106 2127 2136 2107
f 2108 2128 2137 2109
f 2113 2130 2140 2114
f 2110 2138 2125 2102
f 2119 2132 2124 2101
f 2104 2135 2123 2099
f 1997 2016 1995 2008
f 1747 2135 2126 836
f 2095 1854 1856 2083
f 1786 2138 2129 1777
f 1784 2139 2137 1785
f 1778 2142 2131 834
f 1781 2143 2136 891
f 1779 2130 2142 1778
f 1955 1976 2095 2083
f 1782 2128 2143 1781
f 1777 2129 2144 1939
f 836 2126 2141 1758
f 828 2127 2134 1472
f 1783 2132 2145 1940
f 1939 2144 2140 1780
f 1940 2145 2139 1784
f 2008 2001 2057 2069
f 2039 2037 2064 2026
f 1911 1995 2016 1915
f 1886 1911 1915 1882
f 1882 1972 1964 1886
f 2077 1964 1972 2092
f 2092 1860 1864 2077
f 2028 1864 1860 2034
f 1842 2028 2034 1838
f 1820 1842 1838 1816
f 1816 1794 1798 1820
f 2115 1798 1794 2098
f 2141 2115 2098 2122
f 2122 838 1758 2141
f 838 908 1760 1758
f 1766 1760 908 964
f 964 909 1759 1766
f 909 910 1763 1759
f 1832 1810 1812 1834
f 1790 1812 1810 1788
f 2117 1790 1788 2100
f 2131 2117 2100 2133
f 2133 827 834 2131
f 938 834 827 822
f 967 938 822 1744
f 937 967 1744 825
f 936 937 825 826
f 839 936 826 1742
f 842 839 1742 823
f 840 842 823 824
f 1007 840 824 1746
f 983 1007 1746 1745
f 841 983 1745 1743
f 910 911 1762 1763
f 911 912 1761 1762
f 912 913 1765 1761
f 1768 1765 913 1004
f 1004 984 1767 1768
f 984 914 1764 1767
f 2 2146 2147 1
f 1018 2148 2149 1017
f 1017 2149 2150 1016
f 1016 2150 2151 1015
f 1015 2151 2152 1014
f 1013 2146 2153 1030
f 1035 2154 2155 1036
f 64 2157 2158 103
f 1034 2159 2154 1035
f 1029 2156 2172 1477
f 1033 2157 2159 1034
f 1028 2161 2162 1027
f 1032 2163 2158 1037
f 1027 2162 2164 1026
f 1031 2165 2163 1032
f 1030 2153 2165 1031
f 1024 2167 2168 1023
f 1022 2160 2173 1476
f 1021 2169 2170 1020
f 1014 2152 2147 1012
f 1020 2170 2171 1019
f 1019 2171 2148 1018
f 31 2160 2168 34
f 1477 2172 2161 1028
f 1476 2173 2169 1021
f 37 2167 2166 42
f 42 2166 2164 45
f 54 2156 2155 73
f 2174 2175 3456 3457
f 2176 2177 2179 2178
f 3457 2176 2181 3458
f 2176 2178 2182 2181
f 2181 2182 2185 2184
f 3458 2181 2184 3459
f 2184 2185 2188 2187
f 3459 2184 2187 3460
f 2187 2188 2191 2190
f 3460 2187 2190 3461
f 2190 2191 2194 2193
f 3461 2190 2193 3462
f 2193 2194 2197 2196
f 3462 2193 2196 3463
f 2196 2197 2200 2199
f 3463 2196 2199 3464
f 2199 2200 2203 2202
f 3464 2199 2202 3465
f 2202 2203 3532 3533
f 3465 2202 3533 3583
f 2208 2209 2212 2211
f 3467 2208 2211 3468
f 3470 2217 2220 3471
f 2217 2216 2219 2220
f 3471 2220 2223 3472
f 2220 2219 2222 2223
f 3472 2223 3535 3584
f 2223 2222 3537 3535
f 3456 2175 2228 3474
f 2179 2177 2229 2230
f 2230 2229 2232 2233
f 3474 2228 2231 3475
f 2233 2232 2235 2236
f 3475 2231 2234 3476
f 2236 2235 2274 2275
f 3476 2234 2276 3481
f 2239 2238 2241 2242
f 3477 2237 2240 3478
f 2242 2241 2244 2245
f 3478 2240 2243 3479
f 2245 2244 2247 2248
f 3479 2243 2246 3480
f 2212 2209 3499 3494
f 3537 2222 3498 3586
f 2222 2219 3496 3498
f 3495 2252 2253 3496
f 3532 2203 3492 3585
f 2203 2200 3490 3492
f 2200 2197 3489 3490
f 2197 2194 3488 3489
f 2194 2191 3487 3488
f 2191 2188 3486 3487
f 2185 2182 3485 3507
f 2178 2179 3506 3505
f 2179 2230 3504 3506
f 2182 2178 3505 3485
f 2233 2236 3484 3483
f 2230 2233 3483 3504
f 3507 2266 2256 3486
f 2239 2242 3503 3502
f 2242 2245 3501 3503
f 2245 2248 3482 3501
f 3502 2270 2277 3500
f 2275 2274 2238 2239
f 3481 2276 2237 3477
f 3500 2277 2269 3484
f 2277 2270 2278 2282
f 2270 2271 2279 2278
f 2271 2272 2280 2279
f 2272 2273 2281 2280
f 2287 2283 2288 2292
f 2284 2285 2290 2289
f 2285 2286 2291 2290
f 2283 2284 2289 2288
f 2292 2288 2294 2298
f 2288 2289 2295 2294
f 2289 2290 2296 2295
f 2290 2291 2297 2296
f 2298 2294 2300 2304
f 2299 2303 2297 2293
f 2294 2295 2301 2300
f 2295 2296 2302 2301
f 2296 2297 2303 2302
f 2304 2300 133 137
f 132 136 2303 2299
f 2300 2301 134 133
f 2301 2302 135 134
f 2302 2303 136 135
f 2308 2309 2253 2252
f 2254 2253 2309 2310
f 3538 2254 2310 3540
f 2250 2249 2305 2306
f 2259 2258 2314 2315
f 2261 2260 2316 2317
f 2258 2257 2313 2314
f 2260 2259 2315 2316
f 2257 2256 2312 2313
f 2266 2265 2321 2322
f 2267 2268 2324 2323
f 2265 2263 2319 2321
f 2264 2267 2323 2320
f 2268 2269 2325 2324
f 2263 2264 2320 2319
f 2325 2269 2277 2282
f 2266 2322 2312 2256
f 2292 2333 2332 2287
f 2298 2334 2333 2292
f 2304 2335 2334 2298
f 137 170 2335 2304
f 2340 2341 2347 2346
f 2337 2340 2346 2343
f 2338 2336 2342 2344
f 2339 2338 2344 2345
f 2336 2337 2343 2342
f 2333 2347 2341 2332
f 2352 2351 2359 2360
f 2351 2326 2354 2359
f 2353 2352 2360 2361
f 2326 2327 2355 2354
f 2327 2328 2356 2355
f 2345 2356 2328 2339
f 2345 2344 2371 2372
f 2372 2377 2356 2345
f 2343 2346 2373 2370
f 2346 2347 2374 2373
f 2360 2359 2380 2381
f 2359 2354 2375 2380
f 2361 2360 2381 2382
f 2354 2355 2376 2375
f 2342 2343 2370 2369
f 3543 2361 2382 3545
f 2355 2356 2377 2376
f 2344 2342 2369 2371
f 2334 2374 2347 2333
f 2335 2385 2374 2334
f 170 221 2385 2335
f 2372 2371 2388 2389
f 2371 2369 2386 2388
f 2369 2370 2387 2386
f 2373 2391 2397 2396
f 2386 2387 2393 2392
f 2374 2385 2391 2373
f 2389 2388 2394 2395
f 2391 228 235 2397
f 2388 2386 2392 2394
f 2396 2397 2399 2398
f 2397 235 238 2399
f 2403 2402 3679 3680
f 2402 2400 3681 3679
f 2400 2401 3682 3681
f 2382 2381 2416 2417
f 2380 2375 2412 2415
f 2381 2380 2415 2416
f 2376 2377 2414 2413
f 3545 2382 2417 3547
f 2375 2376 2413 2412
f 2413 2414 2421 2420
f 2412 2413 2420 2419
f 2415 2412 2419 2422
f 2414 2377 2372 2389
f 2395 2421 2414 2389
f 2424 2425 3684 3683
f 2409 2431 3684 3680
f 2403 2425 3652 3644
f 3683 2430 2931 3689
f 3019 3018 2938 2939
f 1509 2956 2451 295
f 2437 2438 2440 2439
f 2439 2440 3549 3550
f 2367 2440 2438 2364
f 2440 2367 3544 3549
f 3527 2956 2449 2448
f 202 2366 2449 292
f 2365 2448 2449 2366
f 2450 2451 2956 3527
f 292 2449 2956 1509
f 2368 3526 2442 2363
f 2364 2438 2448 2365
f 2454 2455 2434 2433
f 2489 2470 2471 2488
f 2460 2461 2457 2456
f 2458 2459 2455 2454
f 303 2457 2461 308
f 2464 2465 2461 2460
f 2462 2463 2459 2458
f 308 2461 2465 313
f 2468 2469 2465 2464
f 2466 2467 2463 2462
f 313 2465 2469 318
f 2511 2510 2444 2485
f 2485 2486 2472 2445
f 2479 2433 2514 2515
f 2473 2474 2475 2476
f 2476 2475 2478 2477
f 2433 2479 2480 2454
f 2454 2480 2481 2458
f 2458 2481 2482 2462
f 2462 2482 2483 2466
f 2466 2483 2484 2444
f 2444 2484 2486 2485
f 2472 2477 2478 2445
f 2478 2475 2471 2470
f 2475 2474 2446 2471
f 3511 2453 298 1429
f 2517 2446 2474 2514
f 2437 2439 2490 2436
f 2441 2491 3552 3550
f 2443 2492 2491 2441
f 2445 2478 2470 2509
f 3602 3603 3525 3524
f 2493 2494 2469 2468
f 318 2469 2494 344
f 2495 2498 2477 2472
f 2472 2486 2505 2495
f 2502 2503 2483 2482
f 2499 2500 2480 2479
f 2476 2477 2498 2497
f 2500 2501 2481 2480
f 2516 2499 2479 2515
f 2503 2504 2484 2483
f 2473 2476 2497 2496
f 2486 2484 2504 2505
f 2501 2502 2482 2481
f 344 2494 3528 1447
f 2528 2518 2513 2527
f 2521 2520 2556 2555
f 2510 2467 2466 2444
f 2485 2445 2509 2511
f 2515 2514 2474 2473
f 2434 2517 2514 2433
f 2496 2516 2515 2473
f 2523 2521 2555 2554
f 363 2508 2604 456
f 1447 3528 3786 1717
f 2539 2540 2504 2503
f 2497 2498 2534 2533
f 2505 2504 2540 2541
f 2531 2534 2498 2495
f 2535 2536 2500 2499
f 2536 2537 2501 2500
f 2495 2505 2541 2531
f 2516 2496 2532 2542
f 2537 2538 2502 2501
f 2542 2535 2499 2516
f 2538 2539 2503 2502
f 2496 2497 2533 2532
f 2542 2532 2543 2545
f 2532 2533 2544 2543
f 2545 2543 2546 2548
f 2543 2544 2547 2546
f 2536 2535 2542 2545
f 2534 2531 2544 2533
f 2541 2547 2544 2531
f 2541 2540 2539 2547
f 2547 2539 2538 2546
f 2546 2538 2537 2548
f 2548 2537 2536 2545
f 2549 2550 2521 2523
f 2550 2551 2520 2521
f 2518 2557 2558 2513
f 3786 3528 3530 3787
f 2562 2563 2561 2558
f 2564 2565 2563 2562
f 2566 2567 2636 2637
f 2568 2569 2567 2566
f 2570 2571 2569 2568
f 2572 2573 2576 2575
f 2575 2576 2640 2639
f 2578 2579 2582 2581
f 2581 2582 2585 2584
f 2592 2591 2590 2589
f 2595 2594 2587 2596
f 2562 2558 2557 2574
f 2562 2574 2577 2564
f 2564 2577 2638 2637
f 2566 2580 2583 2568
f 2568 2583 2586 2570
f 2512 2553 2552 2519
f 2642 2592 2589 2641
f 2594 2593 2588 2587
f 2555 2590 2591 2554
f 2506 2605 2600 2507
f 2597 2598 3795 3794
f 2643 2599 3796 3804
f 3593 3529 3789 3788
f 3784 2560 3797 3807
f 2644 2603 2608 2645
f 2601 2602 2607 2606
f 2645 2608 2611 2646
f 2606 2607 2610 2609
f 2646 2611 2614 2647
f 2609 2610 2613 2612
f 2647 2614 469 510
f 2612 2613 468 467
f 2616 2603 3796 3805
f 2603 2616 2617 2608
f 2608 2617 2618 2611
f 2611 2618 2619 2614
f 2614 2619 475 469
f 2560 2597 3794 3797
f 2606 2605 2559 2601
f 2605 2606 2609 2600
f 2612 2604 2600 2609
f 2604 2612 467 456
f 2589 2590 2623 2622
f 2587 2588 2621 2620
f 2641 2589 2622 2648
f 2556 2623 2590 2555
f 2629 2623 2556 2625
f 2623 2629 2628 2622
f 2622 2628 2649 2648
f 2627 2621 2648 2649
f 2621 2627 2626 2620
f 2649 2628 2634 2650
f 2628 2629 2635 2634
f 3780 2624 2630 3781
f 2631 2635 2629 2625
f 2626 2627 2633 2632
f 2637 2636 2565 2564
f 2639 2640 2579 2578
f 2637 2638 2580 2566
f 2593 2642 2641 2588
f 2598 2643 3804 3795
f 2602 2644 2645 2607
f 2607 2645 2646 2610
f 2610 2646 2647 2613
f 2613 2647 510 468
f 2588 2641 2648 2621
f 2655 2656 2620 2626
f 2627 2649 2650 2633
f 2626 2632 2654 2655
f 2652 2651 2617 2616
f 2651 2658 2618 2617
f 3803 2652 2616 3805
f 2670 2671 2656 2655
f 2587 2620 2656 2596
f 2657 521 475 2619
f 2658 2657 2619 2618
f 2584 2585 2662 2661
f 2632 494 524 2654
f 2570 2586 2663 2659
f 2667 2666 2651 2652
f 2595 2596 2665 2664
f 2685 2686 2671 2670
f 2673 2672 2657 2658
f 2655 2654 2669 2670
f 2666 2673 2658 2651
f 2596 2656 2671 2665
f 3802 2667 2652 3803
f 2659 2660 2571 2570
f 2681 2688 2673 2666
f 2688 2687 2672 2673
f 2670 2669 2684 2685
f 3793 2682 2667 3802
f 2664 2665 2680 2679
f 2659 2663 2678 2674
f 2674 2675 2660 2659
f 2682 2681 2666 2667
f 2686 2685 2700 2701
f 2665 2671 2686 2680
f 2661 2662 2677 2676
f 2680 2686 2701 2695
f 2676 2677 2692 2691
f 2702 572 555 2687
f 2696 2703 2688 2681
f 2703 2702 2687 2688
f 2685 2684 2699 2700
f 3792 2697 2682 3793
f 2679 2680 2695 2694
f 2674 2678 2693 2689
f 2689 2690 2675 2674
f 2697 2696 2681 2682
f 2715 2716 2701 2700
f 2716 2715 2730 2731
f 2695 2701 2716 2710
f 2691 2692 2707 2706
f 2717 589 572 2702
f 2711 2718 2703 2696
f 2718 2717 2702 2703
f 2700 2699 2714 2715
f 3791 2712 2697 3792
f 2694 2695 2710 2709
f 2689 2693 2708 2704
f 2704 2705 2690 2689
f 677 694 2804 2789
f 2712 2711 2696 2697
f 2704 2708 2723 2719
f 2719 2720 2705 2704
f 660 677 2789 2774
f 2727 2726 2711 2712
f 2745 2746 2731 2730
f 2710 2716 2731 2725
f 2774 2759 643 660
f 2706 2707 2722 2721
f 2732 606 589 2717
f 2759 2744 626 643
f 2726 2733 2718 2711
f 2733 2732 2717 2718
f 2715 2714 2729 2730
f 3790 2727 2712 3791
f 2709 2710 2725 2724
f 2747 623 606 2732
f 2729 609 626 2744
f 2741 2748 2733 2726
f 2748 2747 2732 2733
f 2730 2729 2744 2745
f 3801 2742 2727 3790
f 2724 2725 2740 2739
f 2719 2723 2738 2734
f 2734 2735 2720 2719
f 609 2729 2714 592
f 2742 2741 2726 2727
f 2746 2745 2760 2761
f 2725 2731 2746 2740
f 2699 575 592 2714
f 2721 2722 2737 2736
f 2740 2746 2761 2755
f 2684 558 575 2699
f 2736 2737 2752 2751
f 2762 640 623 2747
f 2669 541 558 2684
f 2756 2763 2748 2741
f 2763 2762 2747 2748
f 2745 2744 2759 2760
f 3800 2757 2742 3801
f 2739 2740 2755 2754
f 2734 2738 2753 2749
f 2749 2750 2735 2734
f 2757 2756 2741 2742
f 2760 2775 2776 2761
f 2791 2776 2775 2790
f 2755 2761 2776 2770
f 2635 497 496 2634
f 2751 2752 2767 2766
f 2777 657 640 2762
f 2771 2778 2763 2756
f 2778 2777 2762 2763
f 2760 2759 2774 2775
f 3799 2772 2757 3800
f 2754 2755 2770 2769
f 2749 2753 2768 2764
f 2764 2765 2750 2749
f 495 2633 2650 514
f 2772 2771 2756 2757
f 2792 674 657 2777
f 2786 2793 2778 2771
f 2793 2792 2777 2778
f 2775 2774 2789 2790
f 3798 2787 2772 3799
f 2769 2770 2785 2784
f 2764 2768 2783 2779
f 2779 2780 2765 2764
f 2787 2786 2771 2772
f 2806 2791 2790 2805
f 2770 2776 2791 2785
f 2630 492 1712 3781
f 2766 2767 2782 2781
f 2779 2783 2798 2794
f 2794 2795 2780 2779
f 2802 2801 2786 2787
f 2785 2791 2806 2800
f 2781 2782 2797 2796
f 2807 691 674 2792
f 2801 2808 2793 2786
f 2808 2807 2792 2793
f 2790 2789 2804 2805
f 3809 2802 2787 3798
f 2784 2785 2800 2799
f 2799 2800 2815 2814
f 2821 2806 2805 2820
f 694 711 2819 2804
f 2794 2798 2813 2809
f 2809 2810 2795 2794
f 2795 2810 2818 2803
f 2800 2806 2821 2815
f 2796 2797 2812 2811
f 2822 708 691 2807
f 2816 2823 2808 2801
f 2823 2822 2807 2808
f 2804 2819 2820 2805
f 3808 2817 2802 3809
f 2816 2801 2802 2817
f 2818 2810 2809 3808
f 2815 2809 2813 2814
f 2401 2410 3694 3682
f 2630 2624 2835 2836
f 2837 2530 2529 2825
f 2841 2842 2550 2549
f 2553 2573 2572 2552
f 2834 2551 2550 2842
f 2839 2856 2854 2838
f 2950 2951 2850 2851
f 2855 2857 2859 2858
f 2858 2859 2861 2860
f 2860 2861 2863 2862
f 2862 2863 2865 2864
f 2866 2867 2869 2868
f 2868 2869 2871 2870
f 2870 2871 2873 2872
f 2951 2952 2849 2850
f 2878 2877 3036 3037
f 2881 2880 2877 2878
f 2884 2883 2880 2881
f 2888 2886 2883 2884
f 3080 2885 2889 2887
f 2883 780 776 2880
f 2949 2950 2851 2852
f 3680 3679 2408 2409
f 2858 2869 2867 2855
f 2860 2871 2869 2858
f 2862 2873 2871 2860
f 2864 2874 2873 2862
f 2891 2892 2861 2859
f 2893 2894 2865 2863
f 2892 2893 2863 2861
f 2895 2896 2892 2891
f 2896 2897 2893 2892
f 2897 2898 2894 2893
f 2899 2900 2896 2895
f 2900 2901 2897 2896
f 2901 2902 2898 2897
f 2904 2905 2900 2899
f 2905 2906 2901 2900
f 2906 2907 2902 2901
f 2907 2908 2903 2902
f 2909 2910 2905 2904
f 2910 2911 2906 2905
f 2911 2912 2907 2906
f 2912 2913 2908 2907
f 2914 2915 2910 2909
f 2915 2916 2911 2910
f 2916 2917 2912 2911
f 2917 2918 2913 2912
f 816 817 3062 3061
f 817 818 3074 3062
f 818 819 3073 3074
f 819 820 3075 3073
f 2922 3813 3091 3017
f 3813 3812 3064 3091
f 3810 2921 3016 3015
f 3811 2923 3013 3053
f 2921 2922 3017 3016
f 2923 2924 3014 3013
f 3686 2927 2928 3685
f 3687 2930 2927 3686
f 3025 3026 3034 3023
f 3685 2928 3554 3695
f 2995 2996 2990 2989
f 3689 2931 2930 3687
f 3022 3019 2939 2937
f 3023 3022 2937 3025
f 2997 2991 2990 2996
f 3691 2952 2951 3690
f 2857 2942 2891 2859
f 2891 2942 2943 2895
f 2895 2943 2944 2899
f 2899 2944 2945 2904
f 2904 2945 2946 2909
f 2909 2946 2947 2914
f 2378 2958 2959 2384
f 2261 2317 3541 3539
f 2305 2960 2349 2306
f 2961 2318 3541 3555
f 2353 2361 3543 3555
f 2349 2960 2963 2962
f 2378 2962 2963 2958
f 2322 2339 2328 2312
f 2314 2326 2351 2315
f 2278 2283 2287 2282
f 2316 2352 2353 2317
f 2324 2341 2340 2323
f 2280 2285 2284 2279
f 2320 2337 2336 2319
f 2312 2328 2327 2313
f 2279 2284 2283 2278
f 2315 2351 2352 2316
f 2325 2332 2341 2324
f 2323 2340 2337 2320
f 2321 2338 2339 2322
f 2332 2325 2282 2287
f 2313 2327 2326 2314
f 2319 2336 2338 2321
f 2281 2286 2285 2280
f 2952 2969 2968 2849
f 3692 2969 2952 3691
f 2886 785 780 2883
f 2838 2976 2975 2839
f 2973 2979 2978 2971
f 2970 2978 2979 2977
f 2979 2973 2974 2948
f 2853 2977 2979 2948
f 2882 2981 2980 2879
f 3081 3080 2887 2890
f 2884 3081 2890 2888
f 2981 2982 2983 2980
f 3039 2970 2977 3040
f 3041 2879 2980 3040
f 2847 2950 2949 2972
f 2984 2875 3076 3077
f 3047 2866 2875 3045
f 3042 2857 2855 3043
f 3045 2875 2984 3046
f 3044 2849 2968 3043
f 3044 2867 2866 3047
f 2942 2857 3042 3038
f 2920 3811 3053 3012
f 2925 2920 3012 2933
f 3554 2928 2919 3553
f 3812 1743 928 3064
f 2924 3810 3015 3014
f 2969 2929 2926 2968
f 3819 3816 3010 3009
f 2943 2942 3038 3048
f 1659 893 3066 3731
f 3086 3071 3984 3985
f 2993 3086 3985 3986
f 3729 2947 2946 3728
f 3728 2946 2945 3727
f 3727 2945 2944 3726
f 3726 2944 2943 3732
f 2914 2947 3085 3082
f 3002 3003 2997 2996
f 3069 914 907 3070
f 3001 3002 2996 2995
f 3004 3005 2999 2998
f 3051 3001 2995 3050
f 3003 3004 2998 2997
f 3052 3007 3825 3831
f 3009 3010 3827 3828
f 3008 3009 3828 3829
f 3065 921 1764 3832
f 3007 3008 3829 3825
f 3010 3011 3830 3827
f 3016 3017 3815 3816
f 3053 3013 3817 3821
f 3015 3016 3816 3819
f 3014 3015 3819 3820
f 3064 928 1754 3822
f 3013 3014 3820 3817
f 844 843 3067 3072
f 2940 3018 3019 3020
f 2406 3028 3024 2408
f 2432 2431 2409 3021
f 2409 2408 3024 3021
f 3092 2938 3018 3094
f 2998 2992 2991 2997
f 2999 2993 2992 2998
f 2411 252 1618 3693
f 2406 2407 3029 3028
f 2410 2411 3693 3694
f 3021 3024 3987 3990
f 3991 2432 3021 3990
f 2999 3090 3086 2993
f 3032 3023 3034 3035
f 3033 3022 3023 3032
f 3024 3028 3988 3987
f 3037 3036 2854 2856
f 3090 3070 3071 3086
f 2983 3039 3040 2980
f 2853 3041 3040 2977
f 2850 3047 3045 2851
f 2848 3042 3043 2968
f 2851 3045 3046 2852
f 2867 3044 3043 2855
f 2849 3044 3047 2850
f 3038 3042 2848 2941
f 3048 3038 2941 2987
f 3732 2943 3048 3725
f 3000 3051 3050 2994
f 3006 3052 3831 3826
f 3012 3053 3821 3818
f 3056 3055 3033 3032
f 3035 3057 3056 3032
f 3070 907 900 3071
f 3055 3058 3020 3033
f 3059 974 1929 3994
f 3074 3073 3093 3087
f 841 3068 3067 843
f 3997 2988 3049 3996
f 2940 3060 3096 3084
f 2387 2396 2398 2393
f 3031 942 974 3059
f 3089 3069 3070 3090
f 3020 3058 3060 2940
f 3062 3074 3087 3095
f 3091 3064 3822 3823
f 3020 3019 3022 3033
f 972 844 3072 3063
f 3061 3062 3095 3082
f 3088 3065 3832 3833
f 3061 3066 893 816
f 3073 3075 3083 3093
f 3072 3067 3094 3084
f 3993 3060 3058 3988
f 2373 2396 2387 2370
f 2551 2624 3780 2520
f 2624 2551 2834 2835
f 734 725 2836 2843
f 2978 2839 2975 2971
f 2970 2856 2839 2978
f 2856 2970 3039 3037
f 2983 2878 3037 3039
f 2878 2983 2982 2881
f 2880 776 772 2877
f 2877 772 950 3036
f 769 2854 3036 950
f 748 2838 2854 769
f 2838 748 733 2976
f 3753 2966 3696 3588
f 2974 2973 3741 3742
f 2973 2971 3740 3741
f 2971 2975 3739 3740
f 2975 2976 3738 3739
f 2442 3526 2443 2441
f 3077 3076 3078 3079
f 2868 3076 2875 2866
f 2870 3078 3076 2868
f 2882 2885 3080 2981
f 2981 3080 3081 2982
f 2881 2982 3081 2884
f 3078 2876 2985 3079
f 2872 2876 3078 2870
f 2994 2935 2936 3000
f 2934 3006 3826 3824
f 3821 3817 3007 3052
f 3059 2390 3030 3031
f 2390 3029 2407 3030
f 3082 3085 3066 3061
f 3068 3092 3094 3067
f 3087 3093 2917 2916
f 3084 3096 3063 3072
f 3005 3089 3090 2999
f 3095 3087 2916 2915
f 3017 3091 3823 3815
f 3082 3095 2915 2914
f 3011 3088 3833 3830
f 3093 3083 2918 2917
f 3084 3094 3018 2940
f 3063 3096 3998 3994
f 3096 3060 3993 3998
f 3097 3098 4209 4210
f 2189 2192 4211 4212
f 2186 2189 4212 4213
f 2183 2186 4213 4214
f 2180 2183 4214 4215
f 2228 2175 4209 4216
f 2246 2243 4217 4218
f 3122 3118 4220 4221
f 2243 2240 4222 4217
f 3536 2227 4219 4235
f 2240 2237 4220 4222
f 2221 2224 4224 4225
f 2276 2234 4226 4221
f 2218 2221 4225 4227
f 2234 2231 4228 4226
f 2231 2228 4216 4228
f 2207 2210 4230 4231
f 3534 2204 4223 4236
f 2198 2201 4232 4233
f 2174 2180 4215 4210
f 2195 2198 4233 4234
f 2192 2195 4234 4211
f 3111 3112 3138 3137
f 3108 3109 3135 3134
f 3103 3104 3130 3129
f 3097 3099 3125 3123
f 3117 3116 3142 3143
f 3112 3113 3139 3138
f 3104 3105 3131 3130
f 3099 3100 3126 3125
f 3148 3144 3118 3122
f 3122 3117 3143 3148
f 3558 3114 3140 3560
f 3105 3106 3132 3131
f 3100 3101 3127 3126
f 3119 3118 3144 3145
f 3557 3107 3133 3559
f 3101 3102 3128 3127
f 3120 3119 3145 3146
f 3115 3098 3124 3141
f 3102 3103 3129 3128
f 3123 3124 3098 3097
f 3121 3120 3146 3147
f 3116 3115 3141 3142
f 3142 3141 3167 3168
f 3137 3138 3164 3163
f 3134 3135 3161 3160
f 3129 3130 3156 3155
f 3123 3125 3151 3149
f 3143 3142 3168 3169
f 3138 3139 3165 3164
f 3130 3131 3157 3156
f 3125 3126 3152 3151
f 3174 3170 3144 3148
f 3148 3143 3169 3174
f 3560 3140 3166 3562
f 3131 3132 3158 3157
f 3126 3127 3153 3152
f 3145 3144 3170 3171
f 3559 3133 3159 3561
f 3127 3128 3154 3153
f 3146 3145 3171 3172
f 3141 3124 3150 3167
f 3128 3129 3155 3154
f 3149 3150 3124 3123
f 3147 3146 3172 3173
f 3172 3171 3197 3198
f 3167 3150 3176 3193
f 3154 3155 3181 3180
f 3175 3176 3150 3149
f 3173 3172 3198 3199
f 3168 3167 3193 3194
f 3163 3164 3190 3189
f 3160 3161 3187 3186
f 3155 3156 3182 3181
f 3149 3151 3177 3175
f 3169 3168 3194 3195
f 3164 3165 3191 3190
f 3156 3157 3183 3182
f 3151 3152 3178 3177
f 3200 3196 3170 3174
f 3174 3169 3195 3200
f 3562 3166 3192 3564
f 3157 3158 3184 3183
f 3152 3153 3179 3178
f 3171 3170 3196 3197
f 3561 3159 3185 3563
f 3153 3154 3180 3179
f 3175 3177 3203 3201
f 3195 3194 3220 3221
f 3190 3191 3217 3216
f 3182 3183 3209 3208
f 3177 3178 3204 3203
f 3226 3222 3196 3200
f 3200 3195 3221 3226
f 3564 3192 3218 3566
f 3183 3184 3210 3209
f 3178 3179 3205 3204
f 3197 3196 3222 3223
f 3563 3185 3211 3565
f 3179 3180 3206 3205
f 3198 3197 3223 3224
f 3193 3176 3202 3219
f 3180 3181 3207 3206
f 3201 3202 3176 3175
f 3199 3198 3224 3225
f 3194 3193 3219 3220
f 3189 3190 3216 3215
f 3186 3187 3213 3212
f 3181 3182 3208 3207
f 3227 3228 3202 3201
f 3225 3224 3250 3251
f 3220 3219 3245 3246
f 3215 3216 3242 3241
f 3212 3213 3239 3238
f 3207 3208 3234 3233
f 3201 3203 3229 3227
f 3221 3220 3246 3247
f 3216 3217 3243 3242
f 3208 3209 3235 3234
f 3203 3204 3230 3229
f 3252 3248 3222 3226
f 3226 3221 3247 3252
f 3566 3218 3244 3568
f 3209 3210 3236 3235
f 3204 3205 3231 3230
f 3223 3222 3248 3249
f 3565 3211 3237 3567
f 3205 3206 3232 3231
f 3224 3223 3249 3250
f 3219 3202 3228 3245
f 3206 3207 3233 3232
f 3231 3232 3258 3257
f 3233 3270 3258 3232
f 3234 3259 3270 3233
f 3236 3267 3260 3235
f 3251 3250 3276 3277
f 3237 3262 3569 3567
f 3239 3264 3263 3238
f 3242 3261 3266 3241
f 3227 3229 3255 3253
f 3243 3268 3261 3242
f 3272 3271 3246 3245
f 3234 3235 3260 3259
f 3249 3254 3276 3250
f 3278 3274 3248 3252
f 3248 3274 3254 3249
f 3568 3244 3269 3570
f 3247 3256 3278 3252
f 3246 3271 3256 3247
f 3228 3275 3272 3245
f 3275 3228 3227 3253
f 3230 3273 3255 3229
f 3231 3257 3273 3230
f 3238 3263 3262 3237
f 3238 3237 3211 3212
f 3212 3211 3185 3186
f 3159 3160 3186 3185
f 3283 3299 3273 3257
f 3304 3300 3274 3278
f 3282 3304 3278 3256
f 3572 3294 3268 3570
f 3287 3292 3266 3261
f 3298 3297 3271 3272
f 3293 3286 3260 3267
f 3281 3279 3253 3255
f 3297 3282 3256 3271
f 3571 3293 3267 3569
f 3284 3283 3257 3258
f 3299 3281 3255 3273
f 3301 3298 3272 3275
f 3280 3302 3276 3254
f 3290 3289 3263 3264
f 3296 3284 3258 3270
f 3302 3303 3277 3276
f 3300 3280 3254 3274
f 3294 3287 3261 3268
f 3285 3296 3270 3259
f 3279 3301 3275 3253
f 3289 3288 3262 3263
f 3286 3285 3259 3260
f 3573 3319 3293 3571
f 3310 3309 3283 3284
f 3324 3323 3297 3298
f 3328 3329 3303 3302
f 3306 3328 3302 3280
f 3316 3315 3289 3290
f 3322 3310 3284 3296
f 3305 3327 3301 3279
f 3326 3306 3280 3300
f 3320 3313 3287 3294
f 3311 3322 3296 3285
f 3330 3326 3300 3304
f 3308 3330 3304 3282
f 3315 3314 3288 3289
f 3312 3311 3285 3286
f 3325 3307 3281 3299
f 3323 3308 3282 3297
f 3574 3320 3294 3572
f 3313 3318 3292 3287
f 3319 3312 3286 3293
f 3307 3305 3279 3281
f 3309 3325 3299 3283
f 3327 3324 3298 3301
f 3332 3354 3328 3306
f 3342 3341 3315 3316
f 3348 3336 3310 3322
f 3331 3353 3327 3305
f 3352 3332 3306 3326
f 3346 3339 3313 3320
f 3337 3348 3322 3311
f 3356 3352 3326 3330
f 3334 3356 3330 3308
f 3341 3340 3314 3315
f 3338 3337 3311 3312
f 3351 3333 3307 3325
f 3349 3334 3308 3323
f 3576 3346 3320 3574
f 3339 3344 3318 3313
f 3345 3338 3312 3319
f 3333 3331 3305 3307
f 3335 3351 3325 3309
f 3353 3350 3324 3327
f 3575 3345 3319 3573
f 3336 3335 3309 3310
f 3350 3349 3323 3324
f 3354 3355 3329 3328
f 3393 3392 3357 3754
f 3373 3361 3388 3376
f 3365 3760 3579 3384
f 3578 3577 3758 3759
f 3360 3359 3390 3389
f 3759 3367 3382 3578
f 3389 3394 3755 3360
f 3392 3391 3358 3357
f 3383 3380 3369 3366
f 3577 3385 3364 3758
f 3582 3580 3761 3763
f 3386 3378 3371 3363
f 3384 3383 3366 3365
f 3394 3387 3362 3755
f 3378 3379 3370 3371
f 3757 3364 3385 3396
f 3375 3386 3363 3374
f 3376 3393 3754 3373
f 3763 3369 3380 3582
f 3396 3395 3756 3757
f 3374 3362 3387 3375
f 3379 3581 3762 3370
f 3372 3368 3381 3377
f 3361 3756 3395 3388
f 3760 3372 3377 3579
f 3391 3390 3359 3358
f 3581 3381 3368 3762
f 3331 3333 3580 3582
f 3388 3395 3338 3345
f 3339 3346 3387 3394
f 3384 3579 3334 3349
f 3333 3351 3382 3580
f 3375 3387 3346 3576
f 3337 3338 3395 3396
f 3344 3339 3394 3389
f 3579 3377 3356 3334
f 3377 3381 3352 3356
f 3575 3340 3393 3376
f 3396 3385 3348 3337
f 3340 3341 3392 3393
f 3332 3352 3381 3581
f 3582 3380 3353 3331
f 3389 3390 3343 3344
f 3336 3348 3385 3577
f 3341 3342 3391 3392
f 3354 3332 3581 3379
f 2418 2959 2958 2383
f 2929 2969 3692 3688
f 2986 2848 2968 2926
f 2383 2958 2963 2362
f 2960 2961 2362 2963
f 2305 2318 2961 2960
f 2318 2305 2249 2262
f 2209 2206 3491 3499
f 2206 2209 2208 2205
f 2205 2208 3467 3466
f 3108 3107 4223 4231
f 3134 3133 3107 3108
f 3160 3159 3133 3134
f 3398 3079 2985 3397
f 3399 3077 3079 3398
f 3400 2984 3077 3399
f 3400 2879 3041 3401
f 3402 2852 3046 3401
f 3402 2853 2948 3403
f 3404 2972 2949 3403
f 3404 2974 3742 3743
f 2451 3511 1429 295
f 3511 2451 2450 3512
f 3406 2841 2549 3407
f 3407 2549 2523 3782
f 3408 2554 2591 3409
f 3409 2591 2592 3410
f 3410 2592 2642 3411
f 3412 2579 2640 3411
f 3412 2593 2594 3413
f 3413 2594 2595 3414
f 3414 2595 2664 3415
f 3416 2677 2662 3415
f 3416 2679 2694 3417
f 3417 2694 2709 3418
f 3419 2722 2707 3418
f 3420 2737 2722 3419
f 3420 2739 2754 3421
f 3421 2754 2769 3422
f 3423 2782 2767 3422
f 3424 2797 2782 3423
f 3425 2812 2797 3424
f 3425 2814 2813 3426
f 3427 2796 2811 3426
f 3428 2781 2796 3427
f 3428 2783 2768 3429
f 3430 2751 2766 3429
f 3430 2753 2738 3431
f 3431 2738 2723 3432
f 3433 2706 2721 3432
f 3434 2691 2706 3433
f 3434 2693 2678 3435
f 3435 2678 2663 3436
f 3437 2584 2661 3436
f 3437 2586 2583 3438
f 3438 2583 2580 3439
f 3439 2580 2638 3440
f 3441 2575 2639 3440
f 3441 2577 2574 3442
f 3443 2552 2572 3442
f 3444 2529 2519 3783
f 3445 2825 2529 3444
f 3509 3512 2450 2436
f 2490 3515 3509 2436
f 2885 3398 3397 2889
f 2882 3399 3398 2885
f 2879 3400 3399 2882
f 2984 3400 3401 3046
f 2853 3402 3401 3041
f 2852 3402 3403 2949
f 2974 3404 3403 2948
f 2487 2517 2434 2435
f 3515 2490 3552 3587
f 3552 2491 3513 3587
f 2837 3406 3407 2530
f 2530 3407 3782 2512
f 2553 3408 3409 2573
f 2573 3409 3410 2576
f 2576 3410 3411 2640
f 2593 3412 3411 2642
f 2579 3412 3413 2582
f 2582 3413 3414 2585
f 2585 3414 3415 2662
f 2679 3416 3415 2664
f 2677 3416 3417 2692
f 2692 3417 3418 2707
f 2724 3419 3418 2709
f 2739 3420 3419 2724
f 2737 3420 3421 2752
f 2752 3421 3422 2767
f 2784 3423 3422 2769
f 2799 3424 3423 2784
f 2814 3425 3424 2799
f 2812 3425 3426 2811
f 2798 3427 3426 2813
f 2783 3428 3427 2798
f 2781 3428 3429 2766
f 2753 3430 3429 2768
f 2751 3430 3431 2736
f 2736 3431 3432 2721
f 2708 3433 3432 2723
f 2693 3434 3433 2708
f 2691 3434 3435 2676
f 2676 3435 3436 2661
f 2586 3437 3436 2663
f 2584 3437 3438 2581
f 2581 3438 3439 2578
f 2578 3439 3440 2639
f 2577 3441 3440 2638
f 2575 3441 3442 2572
f 2557 3443 3442 2574
f 2528 3444 3783 2518
f 2824 3445 3444 2528
f 3513 2491 2492 3514
f 3712 3447 3446 3713
f 3711 3448 3447 3712
f 3710 3449 3448 3711
f 3708 3451 3450 3709
f 2953 3452 3451 3708
f 3764 3453 3452 2953
f 3714 3454 3453 3764
f 3765 3455 3454 3714
f 3457 3456 2177 2176
f 2174 3457 3458 2180
f 2180 3458 3459 2183
f 2183 3459 3460 2186
f 2186 3460 3461 2189
f 2189 3461 3462 2192
f 2192 3462 3463 2195
f 2195 3463 3464 2198
f 2198 3464 3465 2201
f 2201 3465 3583 3534
f 2207 3467 3468 2210
f 2218 3470 3471 2221
f 2221 3471 3472 2224
f 2224 3472 3584 3536
f 2177 3456 3474 2229
f 2229 3474 3475 2232
f 2232 3475 3476 2235
f 2235 3476 3481 2274
f 2238 3477 3478 2241
f 2241 3478 3479 2244
f 2244 3479 3480 2247
f 2274 3481 3477 2238
f 3466 3467 2207 2204
f 3506 3504 2267 2264
f 3487 3486 2256 2257
f 3498 3496 2253 2254
f 3494 3499 2249 2250
f 3507 3485 2265 2266
f 3503 3501 2272 2271
f 3501 3482 2273 2272
f 2185 3507 3486 2188
f 3489 3488 2258 2259
f 2275 3500 3484 2236
f 3490 3489 2259 2260
f 3499 3491 2262 2249
f 3585 3492 2261 3539
f 3502 3503 2271 2270
f 3485 3505 2263 2265
f 3505 3506 2264 2263
f 2239 3502 3500 2275
f 3483 3484 2269 2268
f 3488 3487 2257 2258
f 2216 3495 3496 2219
f 3504 3483 2268 2267
f 3586 3498 2254 3538
f 3492 3490 2260 2261
f 3533 3532 2206 2205
f 3514 2492 2443 3510
f 3594 3510 2443 3526
f 3517 3516 3519 3518
f 2348 2379 3546 3556
f 3520 3521 2330 2331
f 2964 2348 3556 3542
f 2330 2365 2366 2331
f 2488 3513 3514 2489
f 1438 3520 2331 165
f 2331 2366 202 165
f 3516 2964 3542 3519
f 2447 2509 2470 2489
f 3752 3697 3661 3749
f 1371 245 2405 3455
f 3455 2405 2404 3454
f 3454 2404 2826 3453
f 2827 3452 3453 2826
f 2510 3529 3593 2467
f 3529 2510 2511 3590
f 3592 2509 2447 3591
f 2467 2493 2468 2463
f 2463 2468 2464 2459
f 2459 2464 2460 2455
f 2456 2434 2455 2460
f 2456 2452 2435 2434
f 3527 2437 2436 2450
f 2526 2824 2528 2527
f 2457 2453 2452 2456
f 2453 2457 303 298
f 3583 3533 2205 3466
f 3584 3535 2226 3473
f 3535 3537 2225 2226
f 2225 3537 3586 3497
f 2206 3532 3585 3491
f 2255 3538 3540 2311
f 2362 3543 3545 2383
f 2383 3545 3547 2418
f 3550 3549 2442 2441
f 3549 3544 2363 2442
f 2828 3451 3452 2827
f 3601 3594 3526 2368
f 3550 3552 2490 2439
f 3695 3554 2929 3688
f 3539 3541 2318 2262
f 3555 3541 2317 2353
f 3555 3543 2362 2961
f 3518 3519 3749 3698
f 2929 3554 3553 2926
f 2309 3661 3697 2310
f 2224 3536 4235 4224
f 2201 3534 4236 4232
f 3113 3558 3560 3139
f 3106 3557 3559 3132
f 3139 3560 3562 3165
f 3132 3559 3561 3158
f 3165 3562 3564 3191
f 3158 3561 3563 3184
f 3191 3564 3566 3217
f 3184 3563 3565 3210
f 3217 3566 3568 3243
f 3210 3565 3567 3236
f 3567 3569 3267 3236
f 3243 3568 3570 3268
f 3295 3572 3570 3269
f 3288 3571 3569 3262
f 3314 3573 3571 3288
f 3321 3574 3572 3295
f 3347 3576 3574 3321
f 3340 3575 3573 3314
f 3355 3354 3379 3378
f 3349 3350 3383 3384
f 3335 3336 3577 3578
f 3376 3388 3345 3575
f 3342 3343 3390 3391
f 3347 3355 3378 3386
f 3576 3347 3386 3375
f 2829 3450 3451 2828
f 3534 3583 3466 2204
f 3536 3584 3473 2227
f 3491 3585 3539 2262
f 3497 3586 3538 2255
f 1586 1537 3612 3665
f 3698 3749 3661 3670
f 2488 2471 2446 3551
f 2448 2438 2437 3527
f 2517 2487 3551 2446
f 2493 2467 3593 3530
f 3774 3713 3446 3641
f 2447 3510 3594 3591
f 3530 3528 2494 2493
f 2835 2840 2843 2836
f 3601 3531 3591 3594
f 2840 2835 2834 2844
f 2842 2955 2844 2834
f 2955 2842 2841 2954
f 2453 3511 3512 2452
f 2452 3512 3509 2435
f 3515 2487 2435 3509
f 2487 3515 3587 3551
f 3513 2488 3551 3587
f 2350 2368 2363 2329
f 2489 3514 3510 2447
f 2954 2841 3406 3405
f 2837 3597 3405 3406
f 3597 2837 2825 3598
f 3598 2825 3445 3599
f 2824 3600 3599 3445
f 2526 3707 3600 2824
f 3524 3525 3531 3601
f 3596 2957 3766 3767
f 2368 2350 3524 3601
f 3546 2297 2291 2966
f 3450 2829 2833 3449
f 2832 3448 3449 2833
f 3556 3546 2966 3753
f 2830 3447 3448 2832
f 2831 3446 3447 2830
f 3542 3556 3753 3752
f 3657 3658 3609 3630
f 2831 3642 3641 3446
f 3638 3641 3642 3639
f 3639 3636 3635 3638
f 3636 3633 3632 3635
f 3629 3632 3633 3630
f 3629 3630 3609 3607
f 3744 2972 3404 3743
f 1600 1546 3622 3671
f 2299 3520 1438 132
f 2293 3521 3520 2299
f 3659 3611 3610 3669
f 3521 2293 2379 3706
f 3621 3622 3665 3666
f 3663 3618 3611 3659
f 3625 3619 3662 3668
f 3620 3621 3666 3664
f 3619 3620 3664 3662
f 3663 3623 3624 3667
f 733 1671 3738 2976
f 3624 3625 3668 3667
f 3672 3671 3622 3621
f 3673 3672 3621 3620
f 3770 3629 3607 3769
f 3656 3657 3630 3633
f 3771 3632 3629 3770
f 3772 3635 3632 3771
f 3706 2379 2348 3704
f 2964 3702 3704 2348
f 3773 3638 3635 3772
f 3774 3641 3638 3773
f 3654 2427 2428 3653
f 3647 2426 2427 3654
f 2415 2422 3640 2416
f 2416 3640 3637 2417
f 2417 3637 3634 3547
f 3631 2418 3547 3634
f 3628 2959 2418 3631
f 3523 2384 2959 3628
f 3653 2428 3548 3655
f 3645 1567 252 2411
f 3646 3645 2411 2410
f 3643 3648 2401 2400
f 3644 3649 2402 2403
f 3649 3643 2400 2402
f 3648 3646 2410 2401
f 3647 3650 2423 2426
f 3650 3651 2424 2423
f 3651 3652 2425 2424
f 2429 3656 3655 3548
f 2967 3657 3656 2429
f 2846 3658 3657 2967
f 3670 3661 2309 2308
f 3658 3660 3608 3609
f 3627 3659 3669 3626
f 3666 3665 3612 3613
f 3623 3663 3659 3627
f 3668 3662 3615 3616
f 3664 3666 3613 3614
f 3662 3664 3614 3615
f 3618 3663 3667 3617
f 3667 3668 3616 3617
f 3674 3673 3620 3619
f 3702 2964 3516 3700
f 3700 3516 3517 3699
f 3602 3699 3517 3508
f 3605 3603 3602 3508
f 3610 3604 3595 3669
f 3675 3674 3619 3625
f 3676 3675 3625 3624
f 3623 3677 3676 3624
f 3627 3678 3677 3623
f 3744 3677 3678 3745
f 3658 2846 2845 3660
f 3679 3681 2406 2408
f 3681 3682 2407 2406
f 3683 3684 2431 2430
f 3680 3684 2425 2403
f 2424 3683 3689 2423
f 3682 3694 3030 2407
f 2427 3686 3685 2428
f 2426 3687 3686 2427
f 2428 3685 3695 3548
f 2423 3689 3687 2426
f 2846 3691 3690 2845
f 2967 3692 3691 2846
f 3693 1618 942 3031
f 3694 3693 3031 3030
f 3688 3692 2967 2429
f 3548 3695 3688 2429
f 2951 2950 2847 3690
f 3742 3741 3674 3675
f 3697 3588 3540 2310
f 3588 3696 2311 3540
f 3542 3752 3749 3519
f 2297 3546 2379 2293
f 3609 3608 3606 3607
f 3596 3595 3604 2957
f 3524 2350 3699 3602
f 3604 3610 3599 3600
f 3611 3598 3599 3610
f 3699 2350 2329 3700
f 3701 3702 3700 2329
f 3618 3597 3598 3611
f 3617 3405 3597 3618
f 3701 2329 2363 3544
f 3616 2954 3405 3617
f 3703 3704 3702 3701
f 2954 3616 3615 2955
f 2367 3703 3701 3544
f 3703 2367 2364 3705
f 3705 2364 2365 2330
f 3706 3704 3703 3705
f 3705 2330 3521 3706
f 2955 3615 3614 2844
f 2844 3614 3613 2840
f 3612 2843 2840 3613
f 2957 3707 3775 3766
f 3449 3710 3709 3450
f 1919 1641 3715 3984
f 3716 3715 3731 3730
f 3717 3716 3730 3729
f 3986 3717 3718 3989
f 3989 3718 3719 3992
f 3992 3719 3720 3995
f 3995 3720 3721 3999
f 3999 3721 3722 3996
f 3724 3723 3722 3725
f 3717 3729 3728 3718
f 1641 1659 3731 3715
f 3720 3726 3732 3721
f 3721 3732 3725 3722
f 3730 3731 3066 3085
f 3718 3728 3727 3719
f 3719 3727 3726 3720
f 3729 3730 3085 2947
f 2987 3724 3725 3048
f 2957 3604 3600 3707
f 3733 3734 3736 3735
f 3595 3735 3626 3669
f 3735 3595 3596 3733
f 3777 3733 3596 3767
f 3736 3737 3626 3735
f 3678 3627 3626 3737
f 3741 3740 3673 3674
f 3740 3739 3672 3673
f 3739 3738 3671 3672
f 3743 3742 3675 3676
f 3677 3744 3743 3676
f 2972 3744 3745 2847
f 3608 3747 3748 3606
f 3751 3589 3522 3750
f 3678 3737 3746 3745
f 3518 2358 3589 3751
f 3746 3660 2845 3745
f 3751 3750 3605 3508
f 3751 3508 3517 3518
f 3747 3608 3660 3746
f 3745 2845 3690 2847
f 3747 3746 3737 3736
f 3752 3753 3588 3697
f 3736 3734 3748 3747
f 3589 2384 3523 3522
f 2384 3589 2358 2378
f 2965 2962 2378 2358
f 2357 2349 2962 2965
f 2349 2357 2307 2306
f 2251 2250 2306 2307
f 2250 2251 3493 3494
f 2213 2212 3494 3493
f 2212 2213 2214 2211
f 2211 2214 3469 3468
f 3655 3656 3633 3636
f 3639 3653 3655 3636
f 3642 3654 3653 3639
f 3654 3642 2831 3647
f 3647 2831 2830 3650
f 3650 2830 2832 3651
f 3651 2832 2833 3652
f 3350 3353 3380 3383
f 3316 3317 3343 3342
f 3290 3291 3317 3316
f 3291 3290 3264 3265
f 3265 3264 3239 3240
f 3213 3214 3240 3239
f 3187 3188 3214 3213
f 3161 3162 3188 3187
f 3135 3136 3162 3161
f 3109 3110 3136 3135
f 3110 3109 4230 4229
f 2215 2210 3468 3469
f 2829 3644 3652 2833
f 3644 2829 2828 3649
f 3649 2828 2827 3643
f 3643 2827 2826 3648
f 2404 3646 3648 2826
f 2405 3645 3646 2404
f 238 1695 3765 2399
f 3578 3382 3351 3335
f 3317 3318 3344 3343
f 3355 3347 3321 3329
f 2358 3518 3698 2965
f 3670 2357 2965 3698
f 2357 3670 2308 2307
f 2252 2251 2307 2308
f 2966 2291 2286 3696
f 3696 2286 2281 2311
f 2311 2281 2273 2255
f 3580 3382 3367 3761
f 3761 3366 3369 3763
f 3367 3365 3366 3761
f 3759 3760 3365 3367
f 3758 3372 3760 3759
f 3364 3368 3372 3758
f 3368 3364 3757 3762
f 3756 3370 3762 3757
f 3370 3756 3361 3371
f 3371 3361 3373 3363
f 3363 3373 3754 3374
f 3357 3362 3374 3754
f 3358 3755 3362 3357
f 3755 3358 3359 3360
f 3291 3292 3318 3317
f 3292 3291 3265 3266
f 3240 3241 3266 3265
f 3241 3240 3214 3215
f 3188 3189 3215 3214
f 3162 3163 3189 3188
f 3163 3162 3136 3137
f 3137 3136 3110 3111
f 3111 3110 4229 4227
f 2218 2215 3469 3470
f 2214 2217 3470 3469
f 2213 2216 2217 2214
f 2216 2213 3493 3495
f 2251 2252 3495 3493
f 2255 2273 3482 3497
f 2248 2225 3497 3482
f 2225 2248 2247 2226
f 2226 2247 3480 3473
f 2246 2227 3473 3480
f 3121 3114 4219 4218
f 3114 3121 3147 3140
f 3140 3147 3173 3166
f 3199 3192 3166 3173
f 3192 3199 3225 3218
f 3251 3244 3218 3225
f 3277 3269 3244 3251
f 3269 3277 3303 3295
f 3329 3321 3295 3303
f 3768 3769 3607 3606
f 3777 3776 3734 3733
f 3734 3776 3778 3748
f 3778 3768 3606 3748
f 3707 2526 2522 3775
f 2522 2526 2527 2524
f 2513 2558 2561 2525
f 2604 2508 2507 2600
f 2530 2512 2519 2529
f 3788 2506 2507 3787
f 2506 3779 2559 2605
f 3785 2524 2525 3784
f 2625 3780 3781 2631
f 2520 3780 2625 2556
f 3782 2523 2554 3408
f 3783 2519 2552 3443
f 2512 3782 3408 2553
f 2518 3783 3443 2557
f 2527 2513 2525 2524
f 2569 2615 2599 2567
f 2567 2599 2643 2636
f 2598 2565 2636 2643
f 2565 2598 2597 2563
f 2563 2597 2560 2561
f 2561 2560 3784 2525
f 2522 3592 3591 3775
f 3785 3592 2522 2524
f 3531 3766 3775 3591
f 3525 3767 3766 3531
f 3603 3777 3767 3525
f 3605 3776 3777 3603
f 3750 3778 3776 3605
f 3778 3750 3522 3768
f 3523 3769 3768 3522
f 1717 3786 2508 363
f 2508 3786 3787 2507
f 3788 3789 3779 2506
f 3593 3788 3787 3530
f 2653 3803 3805 2615
f 3804 3796 2603 2644
f 3807 3779 3789 3806
f 3795 3804 2644 2602
f 3797 3794 2601 2559
f 3807 3797 2559 3779
f 3794 3795 2602 2601
f 3805 3796 2599 2615
f 2668 3802 3803 2653
f 2683 3793 3802 2668
f 2698 3792 3793 2683
f 2713 3791 3792 2698
f 2728 3790 3791 2713
f 2743 3801 3790 2728
f 2758 3800 3801 2743
f 2773 3799 3800 2758
f 2788 3798 3799 2773
f 2803 3809 3798 2788
f 2818 3808 3809 2803
f 3784 3807 3806 3785
f 3590 2511 2509 3592
f 3785 3806 3590 3592
f 3529 3590 3806 3789
f 2821 3808 2809 2815
f 2820 2817 3808 2821
f 2822 2823 2816 2817
f 2819 2822 2817 2820
f 711 708 2822 2819
f 2795 2803 2788 2780
f 2773 2765 2780 2788
f 2758 2750 2765 2773
f 2743 2735 2750 2758
f 2728 2720 2735 2743
f 2720 2728 2713 2705
f 2698 2690 2705 2713
f 2683 2675 2690 2698
f 2668 2660 2675 2683
f 2653 2571 2660 2668
f 2571 2653 2615 2569
f 3769 3523 3628 3770
f 3770 3628 3631 3771
f 3771 3631 3634 3772
f 3772 3634 3637 3773
f 3773 3637 3640 3774
f 3774 3640 2422 3713
f 2419 3712 3713 2422
f 2420 3711 3712 2419
f 2421 3710 3711 2420
f 3710 2421 2395 3709
f 2394 3708 3709 2395
f 2392 2953 3708 2394
f 2393 3764 2953 2392
f 2398 3714 3764 2393
f 2399 3765 3714 2398
f 3816 3815 3011 3010
f 3820 3819 3009 3008
f 3822 1754 921 3065
f 3817 3820 3008 3007
f 3818 3821 3052 3006
f 3823 3822 3065 3088
f 3815 3823 3088 3011
f 3012 3818 3814 2933
f 3006 2934 3814 3818
f 3050 2995 2989 3049
f 2994 3050 3049 2988
f 4000 3834 2432 3991
f 3057 3035 3836 3837
f 3835 3836 3035 3034
f 3839 3840 3836 3835
f 4001 3838 3834 4000
f 3837 3836 3840 3841
f 3843 3844 3840 3839
f 4002 3842 3838 4001
f 3841 3840 3844 3845
f 3850 3849 3723 3724
f 4003 3848 2988 3997
f 3846 3847 2987 2941
f 3724 2987 3847 3850
f 2848 2986 3846 2941
f 2994 2988 3848 2935
f 2931 3838 3842 2930
f 3838 2931 2430 3834
f 3839 3027 2932 3843
f 3026 3054 3835 3034
f 3027 3839 3835 3054
f 2431 2432 3834 2430
f 2930 3842 3851 2927
f 2928 2927 3851 2919
f 2925 2933 4186 4196
f 2936 2935 4187 4185
f 3553 2919 4188 4197
f 3857 3862 4167 4168
f 2986 2926 4190 4199
f 3850 3847 4191 4200
f 3864 3873 4173 4174
f 3872 3871 4175 4172
f 3845 3844 4193 4203
f 2919 3851 4201 4188
f 3855 3865 4179 4180
f 3860 3868 4181 4170
f 3865 3866 4176 4179
f 2935 3848 4195 4187
f 3868 3869 4171 4181
f 4004 3864 4174 4183
f 3863 3857 4168 4178
f 2933 3814 4198 4186
f 3861 3854 4169 4166
f 4005 3870 4182 4184
f 3867 3866 3888 3889
f 3860 3854 3876 3882
f 3852 3873 3895 3874
f 3894 3893 3871 3872
f 3887 3888 3866 3865
f 3861 3852 3874 3883
f 3885 3879 3857 3863
f 3882 3890 3868 3860
f 4006 3886 3864 4004
f 3856 3862 3884 3878
f 3859 3858 3880 3881
f 3858 3870 3892 3880
f 3890 3891 3869 3868
f 3879 3884 3862 3857
f 3883 3876 3854 3861
f 3877 3887 3865 3855
f 4007 3892 3870 4005
f 3853 3856 3878 3875
f 3886 3895 3873 3864
f 3872 3869 3891 3894
f 3899 3909 3887 3877
f 4009 3914 3892 4007
f 3875 3878 3900 3897
f 3908 3917 3895 3886
f 3894 3891 3913 3916
f 3889 3888 3910 3911
f 3882 3876 3898 3904
f 3874 3895 3917 3896
f 3916 3915 3893 3894
f 3909 3910 3888 3887
f 3883 3874 3896 3905
f 3907 3901 3879 3885
f 3904 3912 3890 3882
f 4008 3908 3886 4006
f 3878 3884 3906 3900
f 3881 3880 3902 3903
f 3880 3892 3914 3902
f 3912 3913 3891 3890
f 3901 3906 3884 3879
f 3905 3898 3876 3883
f 4010 3930 4099 4076
f 3934 3935 4096 4105
f 3923 3928 4052 4104
f 3927 3920 4093 4111
f 3921 3931 4092 4110
f 4011 3936 4106 4075
f 3930 3939 4048 4099
f 3938 3937 4109 4047
f 3931 3932 4108 4092
f 3929 3923 4104 4091
f 3926 3934 4105 4055
f 3918 3939 4137 4147
f 3927 3918 4147 4150
f 3922 3928 4143 4154
f 3925 3924 4144 4155
f 3924 3936 4145 4144
f 3919 3922 4154 4158
f 3938 3935 4156 4138
f 3933 3932 4149 4142
f 3926 3920 4157 4141
f 4078 4057 3971 3979
f 3962 4051 3975 3965
f 3983 3977 4059 4046
f 3979 4015 4088 4078
f 3964 3968 4067 3963
f 4058 4083 3982 3976
f 3981 3969 4068 4082
f 4057 4056 3970 3971
f 4083 4059 3977 3982
f 3978 4017 4062 4077
f 3980 3981 4082 4079
f 4087 4050 3974 4014
f 3963 4068 3969 3964
f 3946 3958 3969 3981
f 3947 3946 3981 3980
f 3944 3950 3977 3983
f 3965 3975 3952 4012
f 4012 3955 3972 3965
f 3979 3971 3956 3948
f 3976 3982 3945 3951
f 3949 3940 4017 3978
f 3974 3973 3954 3953
f 3967 3968 3959 3960
f 3940 3961 3966 4017
f 3948 3942 4015 3979
f 3955 3954 3973 3972
f 3960 3957 3970 3967
f 3975 3966 3961 3952
f 3941 3944 3983 4016
f 3964 3969 3958 4013
f 4014 3974 3953 3943
f 4092 3909 3899 4110
f 4108 3910 3909 4092
f 3910 4108 4053 3911
f 3911 4053 4076 4008
f 4099 3908 4008 4076
f 4048 3917 3908 4099
f 3917 4048 4054 3896
f 3985 3984 3715 3716
f 3986 3985 3716 3717
f 3990 3987 3055 3056
f 3057 3991 3990 3056
f 3987 3988 3058 3055
f 3994 1929 972 3063
f 3723 3997 3996 3722
f 3029 3993 3988 3028
f 3994 3998 2390 3059
f 3998 3993 3029 2390
f 900 1919 3984 3071
f 2993 3986 3989 2992
f 2992 3989 3992 2991
f 2991 3992 3995 2990
f 2990 3995 3999 2989
f 2989 3999 3996 3049
f 3837 4000 3991 3057
f 3841 4001 4000 3837
f 3845 4002 4001 3841
f 3849 4003 3997 3723
f 3867 4004 4183 4177
f 3871 4005 4184 4175
f 3889 4006 4004 3867
f 3893 4007 4005 3871
f 3915 4009 4007 3893
f 3911 4008 4006 3889
f 3933 4010 4076 4053
f 3937 4011 4075 4109
f 3978 4015 3942 3949
f 3982 3977 3950 3945
f 3971 3970 3957 3956
f 4013 3959 3968 3964
f 3896 4054 4111 3905
f 4093 3898 3905 4111
f 4022 4021 4148 4138
f 4024 4023 4149 4139
f 4027 4026 4151 4140
f 4029 4028 4152 4141
f 4040 4030 4153 4159
f 4028 4037 4156 4152
f 4026 4032 4143 4151
f 4025 4038 4157 4150
f 4018 4024 4139 4146
f 4041 4036 4145 4160
f 4030 4019 4137 4153
f 4031 4040 4159 4142
f 4021 4041 4160 4148
f 4055 4093 3920 3926
f 3898 4093 4055 3904
f 4105 3912 3904 4055
f 4096 3913 3912 4105
f 3913 4096 4047 3916
f 4109 3915 3916 4047
f 4107 4106 3936 3924
f 3915 4109 4075 4009
f 4050 4070 3973 3974
f 4017 3966 4065 4062
f 4047 4096 3935 3938
f 4016 3983 4046 4061
f 4111 4054 3918 3927
f 4097 4107 3924 3925
f 4106 3914 4009 4075
f 4098 4052 3928 3922
f 3914 4106 4107 3902
f 4053 4108 3932 3933
f 4054 4048 3939 3918
f 3902 4107 4097 3903
f 4049 4098 3922 3919
f 4104 3901 3907 4091
f 4052 3906 3901 4104
f 3906 4052 4098 3900
f 3900 4098 4049 3897
f 4066 4067 3968 3967
f 3965 3972 4069 3962
f 3972 3973 4070 4069
f 4077 4088 4015 3978
f 4070 4045 4044 4069
f 4051 4065 3966 3975
f 4069 4044 4085 3962
f 4101 4051 3962 4085
f 4043 4065 4051 4101
f 4065 4043 4090 4062
f 4062 4090 4080 4077
f 4103 4088 4077 4080
f 4088 4103 4081 4078
f 4074 4057 4078 4081
f 4073 4056 4057 4074
f 4056 4073 4042 4066
f 3967 3970 4056 4066
f 4095 4067 4066 4042
f 4067 4095 4086 3963
f 4094 4068 3963 4086
f 4068 4094 4063 4082
f 4082 4063 4060 4079
f 4064 4083 4058 4071
f 4072 4059 4083 4064
f 4059 4072 4084 4046
f 4046 4084 4089 4061
f 4100 4050 4087 4102
f 4045 4070 4050 4100
f 4134 4094 4086 4133
f 4125 4045 4100 4127
f 3943 4018 4039 3941
f 4133 4086 4095 4121
f 4121 4095 4042 4122
f 4016 4014 3943 3941
f 4125 4114 4113 4126
f 4131 4114 4112 4129
f 4087 4061 4089 4102
f 4126 4113 4115 4117
f 4117 4115 4116 4128
f 4103 4080 4116 4124
f 4113 4130 4123 4115
f 4061 4087 4014 4016
f 4114 4131 4130 4113
f 4130 4119 4135 4123
f 4114 4125 4127 4112
f 4045 4125 4126 4044
f 4044 4126 4117 4085
f 4085 4117 4128 4101
f 4118 4134 4133 4119
f 4118 4131 4129 4120
f 4115 4123 4124 4116
f 4084 4112 4127 4089
f 4072 4129 4112 4084
f 4131 4118 4119 4130
f 4090 4043 4101 4128
f 4063 4132 4071 4060
f 4129 4072 4064 4120
f 4134 4118 4120 4132
f 4123 4135 4136 4124
f 4094 4134 4132 4063
f 4135 4121 4122 4136
f 4119 4133 4121 4135
f 4081 4103 4124 4136
f 4080 4090 4128 4116
f 4073 4074 4122 4042
f 4074 4081 4136 4122
f 4147 4137 4019 4020
f 4150 4147 4020 4025
f 4154 4143 4032 4033
f 4155 4144 4034 4035
f 4144 4145 4036 4034
f 4158 4154 4033 4039
f 4138 4156 4037 4022
f 4142 4149 4023 4031
f 4141 4157 4038 4029
f 4138 4148 3937 3938
f 4139 4149 3932 3931
f 4140 4151 3923 3929
f 4141 4152 3934 3926
f 4159 4153 3930 4010
f 4152 4156 3935 3934
f 4151 4143 3928 3923
f 4150 4157 3920 3927
f 4146 4139 3931 3921
f 4160 4145 3936 4011
f 4153 4137 3939 3930
f 4142 4159 4010 3933
f 4148 4160 4011 3937
f 4023 3954 3955 4031
f 4031 3955 4012 4040
f 3952 4030 4040 4012
f 3961 4019 4030 3952
f 4019 3961 3940 4020
f 4020 3940 3949 4025
f 3942 4038 4025 3949
f 4038 3942 3948 4029
f 3956 4028 4029 3948
f 3957 4037 4028 3956
f 4037 3957 3960 4022
f 3959 4021 4022 3960
f 4021 3959 4013 4041
f 3958 4036 4041 4013
f 4036 3958 3946 4034
f 4034 3946 3947 4035
f 3945 4026 4027 3951
f 3950 4032 4026 3945
f 4032 3950 3944 4033
f 4033 3944 3941 4039
f 3953 4024 4018 3943
f 3954 4023 4024 3953
f 4163 4162 3856 3853
f 4161 4164 3858 3859
f 4166 4165 3852 3861
f 4168 4167 4198 4189
f 4170 4169 3854 3860
f 4172 4171 3869 3872
f 4049 4110 3899 3897
f 4174 4173 4201 4192
f 4172 4175 4202 4200
f 4177 4176 3866 3867
f 4165 4173 3873 3852
f 4180 4179 4205 4194
f 4170 4181 4206 4199
f 4179 4176 4193 4205
f 3919 3921 4110 4049
f 4164 4182 3870 3858
f 4181 4171 4191 4206
f 4183 4174 4192 4207
f 4178 4168 4189 4204
f 4162 4167 3862 3856
f 4166 4169 4190 4197
f 4184 4182 4195 4208
f 4177 4183 4207 4203
f 4175 4184 4208 4202
f 4196 4186 4162 4163
f 4185 4187 4164 4161
f 4197 4188 4165 4166
f 4199 4190 4169 4170
f 4200 4191 4171 4172
f 4203 4193 4176 4177
f 4188 4201 4173 4165
f 4187 4195 4182 4164
f 4186 4198 4167 4162
f 4058 4079 4060 4071
f 4189 4198 3814 2934
f 3921 3919 4158 4146
f 4192 4201 3851 3842
f 4200 4202 3849 3850
f 4194 4205 3843 2932
f 4199 4206 3846 2986
f 4205 4193 3844 3843
f 4158 4039 4018 4146
f 4206 4191 3847 3846
f 4207 4192 3842 4002
f 4204 4189 2934 3824
f 4197 4190 2926 3553
f 4208 4195 3848 4003
f 4203 4207 4002 3845
f 4202 4208 4003 3849
f 4120 4064 4071 4132
f 4127 4100 4102 4089
f 4079 4058 3976 3980
f 3980 3976 3951 3947
f 4027 4035 3947 3951
f 4035 4027 4140 4155
f 3929 3925 4155 4140
f 3925 3929 4091 4097
f 4097 4091 3907 3903
f 3903 3907 3885 3881
f 3863 3859 3881 3885
f 3859 3863 4178 4161
f 4161 4178 4204 4185
f 3824 2936 4185 4204
f 3826 3000 2936 3824
f 3000 3826 3831 3051
f 3825 3001 3051 3831
f 3829 3002 3001 3825
f 3877 3875 3897 3899
f 3875 3877 3855 3853
f 3853 3855 4180 4163
f 4163 4180 4194 4196
f 2932 2925 4196 4194
f 2925 2932 3027 2920
f 2920 3027 3054 3811
f 3811 3054 3026 2923
f 2923 3026 3025 2924
f 2924 3025 2937 3810
f 3810 2937 2939 2921
f 2921 2939 2938 2922
f 2922 2938 3092 3813
f 3813 3092 3068 3812
f 3812 3068 841 1743
f 3828 3003 3002 3829
f 3827 3004 3003 3828
f 3830 3005 3004 3827
f 3005 3830 3833 3089
f 3832 3069 3089 3833
f 1764 914 3069 3832
f 4210 4209 2175 2174
f 4212 4211 3103 3102
f 4213 4212 3102 3101
f 4214 4213 3101 3100
f 4215 4214 3100 3099
f 4216 4209 3098 3115
f 4218 4217 3120 3121
f 4221 4220 2237 2276
f 4217 4222 3119 3120
f 4235 4219 3114 3558
f 4222 4220 3118 3119
f 4225 4224 3113 3112
f 4221 4226 3117 3122
f 4227 4225 3112 3111
f 4226 4228 3116 3117
f 4228 4216 3115 3116
f 4231 4230 3109 3108
f 4236 4223 3107 3557
f 4233 4232 3106 3105
f 4210 4215 3099 3097
f 4234 4233 3105 3104
f 4211 4234 3104 3103
f 4231 4223 2204 2207
f 4224 4235 3558 3113
f 4232 4236 3557 3106
f 4229 4230 2210 2215
f 4227 4229 2215 2218
f 4218 4219 2227 2246
f 1695 1371 3455 3765
f 2385 221 228 2391
f 2654 524 541 2669
f 2633 495 494 2632
f 2634 496 514 2650
f 497 2635 2631 493
f 3781 1712 493 2631
f 2836 725 492 2630
f 1537 734 2843 3612
f 1546 1586 3665 3622
f 1671 1600 3671 3738
f 245 1567 3645 2405
f 2687 555 538 2672
f 2672 538 521 2657
